Workbook

Sheet Start Here
B2: GAIA 2.0 — Green AI Assessment Tool
B3: Version 2.2.0 · 2026-09-16 · MIT License · Generated by build_workbook.py from data/*.csv — never hand-edited (FRAMEWORK.md §9)
B6: What this tool is
B7: GAIA answers three questions for an organization that USES AI (via APIs, hosted deployments, or self-hosted models): (1) how large is the environmental footprint of a use case — energy, carbon, and water — with uncertainty bounds and data provenance; (2) is that footprint reasonable for the task, graded against published measurements; (3) what should change, ranked by evidence. Method: Ground → Assess → Interpret → Act.
B9: How to use it — 5 steps
B10: 1. Open the Assessment sheet and pick your Model and Task class from the dropdowns.
B11: 2. Enter your token profile (tokens in / out per request) and queries per month — class defaults are shown next to the inputs for reference.
B12: 3. Choose the Facility profile and Hosting region (keep the honest defaults — 'Unknown (API default)' and 'Global average' — if you don't know).
B13: 4. Answer the three frugality questions (necessity, right-sizing, token discipline) with Yes/No.
B14: 5. Read the Results block: low/central/high energy, carbon (dual), and water; the efficiency grade and frugality flag; and the guidance line. Then pick levers on the Mitigation sheet. Track months on the Usage Log.
B16: Color key
B17: Input cell — light yellow: the cells you edit (dropdowns or typed values)
... B27: The Tier column is the provenance of the number, not the quality of the model. Most rows are T4 (modelled): no closed provider publishes per-model serving energy, and a user of a closed API cannot measure it. Rows marked with a class anchor in their Basis share one placeholder value across every closed model of that capability class — that is a statement about missing disclosure, not a finding that the models are equally efficient. Open-weight rows are the ones you can meter yourself, which moves them to T1 and cuts the uncertainty band roughly fourfold.

Sheet Assessment
B1: GAIA 2.0 — AI Use-Case Assessment
B2: Edit the yellow cells only. Blue cells are computed from the Engine sheet. All results are low / central / high (P2).
B3: INPUTS
B4: 1 · Model | C4: GPT-4o | D4: Dropdown — full provenance in 'Model Database'
B5: 2 · Task class | C5: Standard | D5: L / S / H / R — definitions and bands in 'Grading'
B6: 3 · Tokens in (per request) | C6: 500 | D6: =IFERROR("Class default: "&INDEX(Grading!$C$2:$C$5,MATCH($C$5,Grading!$A$2:$A$5,0)),"")
B7: 4 · Tokens out (per request) | C7: 300 | D7: =IFERROR("Class default: "&INDEX(Grading!$D$2:$D$5,MATCH($C$5,Grading!$A$2:$A$5,0)),"")
B8: 5 · Queries per month | C8: 1000
B9: 6 · Facility profile | C9: Unknown (API default) | D9: PUE and WUE per profile in 'Facility Profiles'
B10: 7 · Hosting region | C10: Global average | D10: Grid CI and EWIF in 'Region Factors'; keep 'Global average' if unknown
B11: 8 · Embodied adder | C11: 0.25 | D11: Default 0.25 of location-based carbon; sensible range 0.10–0.50 (§4.6)
B12: 9 · Market-based CI (g CO2e/kWh) — optional | D12: Leave blank unless your provider discloses a market-based factor; reported beside, never instead of, location-based (P6)
B13: 10 · Cached input share (0–1) — optional | C13: 0 | D13: Share of input tokens served from a prompt cache. Cache hits skip prefill, so those tokens carry no energy. Output tokens are never cached (§4.1).
B14: FRUGALITY CHECK (§5.3) — three auditable Yes/No questions
B15: Q1 · Necessity — does the task need generative AI at all (vs. search, template, rules, or a human)? | C15: Yes
B16: Q2 · Right-sizing — has a model ≥1 capability class smaller been evaluated on this task, with documented quality results? | C16: Yes
B17: Q3 · Token discipline — are prompts, retrieval payloads and reasoning budgets bounded (max-token / thinking caps, caching)? | C17: Yes
B19: RESULTS — computed on the Engine sheet; do not edit
B20: Metric | C20: Low | D20: Central | E20: High | F20: Unit / note
B21: Energy per request | C21: =Engine!$B$48 | D21: =Engine!$B$39 | E21: =Engine!$B$49 | F21: Wh / request (full-stack: IT × PUE)
B22: Energy per month | C22: =Engine!$B$50 | D22: =Engine!$B$41 | E22: =Engine!$B$51 | F22: kWh / month
B23: Carbon — location-based | C23: =Engine!$B$52 | D23: =Engine!$B$42 | E23: =Engine!$B$53 | F23: kg CO2e / month (physical grid mix)
B24: Carbon — market-based | C24: =Engine!$B$58 | D24: =Engine!$B$43 | E24: =Engine!$B$59 | F24: kg CO2e / month — 'not provided' unless input 9 is set (P6)
B25: Embodied carbon | C25: =Engine!$B$54 | D25: =Engine!$B$44 | E25: =Engine!$B$55 | F25: kg CO2e / month = location-based × adder (§4.6)
B26: Water (on-site + off-site) | C26: =Engine!$B$56 | D26: =Engine!$B$45 | E26: =Engine!$B$57 | F26: L / month (two-path model, §4.4)
B28: EFFICIENCY GRADE — central Wh/request vs task-class bands (§5.2) | C28: =Engine!$B$62 | E28: Frugality flag | F28: =Engine!$B$64
E29: Model data tier | F29: =Engine!$B$23
B31: GUIDANCE (§5.4 — grade × flag) | C31: =Engine!$B$65
B33: REAL-WORLD EQUIVALENTS — communication aids, not results (sourced factors on Engine sheet)
B34: ≈ Hours of a 10 W LED bulb | C34: =Engine!$B$74 | D34: hours / month
B35: ≈ Smartphone full charges | C35: =Engine!$B$75 | D35: charges / month
B36: ≈ Km driven in an average petrol car | C36: =Engine!$B$76 | D36: km / month
B37: ≈ 8-minute showers | C37: =Engine!$B$79 | D37: showers / month

Sheet Engine
A1: GAIA 2.0 Engine — every intermediate calculation, documented
A2: All Assessment results reference this sheet. Column D documents each formula in framework notation (FRAMEWORK.md §4–§5). Generated — do not edit.
A4: 1 · INPUTS (echoed from the Assessment sheet)
A5: Model | B5: =IF(Assessment!$C$4="","",Assessment!$C$4) | D5: Assessment input 1
A6: Task class | B6: =IF(Assessment!$C$5="","",Assessment!$C$5) | D6: Assessment input 2
A7: Tokens in per request (T_in) | B7: =Assessment!$C$6 | C7: tokens | D7: Assessment input 3
A8: Tokens out per request (T_out) | B8: =Assessment!$C$7 | C8: tokens | D8: Assessment input 4
A9: Queries per month (Q_month) | B9: =Assessment!$C$8 | C9: requests | D9: Assessment input 5
A10: Facility profile | B10: =IF(Assessment!$C$9="","",Assessment!$C$9) | D10: Assessment input 6
A11: Hosting region | B11: =IF(Assessment!$C$10="","",Assessment!$C$10) | D11: Assessment input 7
A12: Embodied adder | B12: =Assessment!$C$11 | C12: fraction | D12: Assessment input 8 (default 0.25; range 0.10–0.50, §4.6)
A13: Market-based CI (optional) | B13: =IF(Assessment!$C$12="","",Assessment!$C$12) | C13: g CO2e/kWh | D13: Assessment input 9; blank = not provided (P6)
A14: Cached input share | B14: =IF(Assessment!$C$13="",0,Assessment!$C$13) | C14: fraction 0–1 | D14: Assessment input 10; share of input tokens served from a prompt cache. Cache hits skip prefill recomputation, so those tokens carry no generation energy. Output tokens are never cached (§4.1).
A15: Frugality Q1 — necessity | B15: =IF(Assessment!$C$15="","",Assessment!$C$15) | D15: Yes/No
A16: Frugality Q2 — right-sizing | B16: =IF(Assessment!$C$16="","",Assessment!$C$16) | D16: Yes/No
A17: Frugality Q3 — token discipline | B17: =IF(Assessment!$C$17="","",Assessment!$C$17) | D17: Yes/No
A19: 2 · LOOKED-UP FACTORS (INDEX/MATCH against the data sheets)
A20: e_out — model energy, central | B20: =IFERROR(INDEX('Model Database'!$L$2:$L$136,MATCH($B$5,'Model Database'!$A$2:$A$136,0)),"") | C20: Wh / 1k output tokens | D20: models.csv wh_per_1k_output_tokens_it — IT boundary (accelerator + host); serving-stack multiplier S already included
A21: e_out low bound | B21: =IFERROR(INDEX('Model Database'!$M$2:$M$136,MATCH($B$5,'Model Database'!$A$2:$A$136,0)),"") | C21: Wh / 1k output tokens | D21: models.csv wh_low (tier band = default minimum width; some rows are wider with justification in their basis column)
A22: e_out high bound | B22: =IFERROR(INDEX('Model Database'!$N$2:$N$136,MATCH($B$5,'Model Database'!$A$2:$A$136,0)),"") | C22: Wh / 1k output tokens | D22: models.csv wh_high (tier band = default minimum width; some rows are wider with justification in their basis column)
A23: Data-quality tier of model row | B23: =IFERROR(INDEX('Model Database'!$O$2:$O$136,MATCH($B$5,'Model Database'!$A$2:$A$136,0)),"") | D23: T1 measured / T2 disclosed / T3 benchmarked / T4 modeled (§4.5)
A24: Low scale factor | B24: =IFERROR($B$21/$B$20,"") | C24: × | D24: wh_low / e_out — every output is scaled by this for the low bound
A25: High scale factor | B25: =IFERROR($B$22/$B$20,"") | C25: × | D25: wh_high / e_out — every output is scaled by this for the high bound
A26: PUE — facility overhead | B26: =IFERROR(INDEX('Facility Profiles'!$B$2:$B$6,MATCH($B$10,'Facility Profiles'!$A$2:$A$6,0)),"") | C26: × | D26: facilities.csv pue for the chosen profile
A27: WUE — on-site water | B27: =IFERROR(INDEX('Facility Profiles'!$E$2:$E$6,MATCH($B$10,'Facility Profiles'!$A$2:$A$6,0)),"") | C27: L/kWh (IT energy) | D27: facilities.csv wue_l_kwh for the chosen profile
A28: CI — location-based grid carbon | B28: =IFERROR(INDEX('Region Factors'!$B$2:$B$21,MATCH($B$11,'Region Factors'!$A$2:$A$21,0)),"") | C28: g CO2e/kWh | D28: regions.csv ci_location_gco2_kwh for the chosen region
A29: EWIF — off-site water | B29: =IFERROR(INDEX('Region Factors'!$E$2:$E$21,MATCH($B$11,'Region Factors'!$A$2:$A$21,0)),"") | C29: L/kWh (total energy) | D29: regions.csv ewif_l_kwh for the chosen region
A30: Task-class default tokens in | B30: =IFERROR(INDEX(Grading!$C$2:$C$5,MATCH($B$6,Grading!$A$2:$A$5,0)),"") | C30: tokens | D30: grading.csv tokens_in_default — reference for Assessment input 3
A31: Task-class default tokens out | B31: =IFERROR(INDEX(Grading!$D$2:$D$5,MATCH($B$6,Grading!$A$2:$A$5,0)),"") | C31: tokens | D31: grading.csv tokens_out_default — reference for Assessment input 4
A32: Grade A maximum | B32: =IFERROR(INDEX(Grading!$E$2:$E$5,MATCH($B$6,Grading!$A$2:$A$5,0)),"") | C32: Wh/request | D32: grading.csv grade_a_max_wh for the chosen task class
A33: Grade B maximum | B33: =IFERROR(INDEX(Grading!$F$2:$F$5,MATCH($B$6,Grading!$A$2:$A$5,0)),"") | C33: Wh/request | D33: grading.csv grade_b_max_wh
A34: Grade C maximum | B34: =IFERROR(INDEX(Grading!$G$2:$G$5,MATCH($B$6,Grading!$A$2:$A$5,0)),"") | C34: Wh/request | D34: grading.csv grade_c_max_wh
A35: Grade D maximum | B35: =IFERROR(INDEX(Grading!$H$2:$H$5,MATCH($B$6,Grading!$A$2:$A$5,0)),"") | C35: Wh/request | D35: grading.csv grade_d_max_wh; above this = grade E
A37: 3 · CENTRAL ESTIMATE (§4 equations)
A38: E_IT_request — IT energy per request | B38: =IFERROR($B$20*($B$8+$B$7*(1-$B$14)/10)/1000,"") | C38: Wh | D38: E_IT = e_out × (T_out + T_in × (1 − c) / 10) / 1000 — input tokens cost ≈1/10 of output tokens (§4.1, k=10); c is the cached input share, whose tokens skip prefill entirely
A39: E_request — full energy per request | B39: =IFERROR($B$38*$B$26,"") | C39: Wh | D39: E_request = E_IT_request × PUE (§4.1; S is already inside e_out)
A40: E_IT_month — monthly IT energy | B40: =IFERROR($B$38*$B$9/1000,"") | C40: kWh | D40: E_IT_month = E_IT_request × Q_month / 1000
A41: E_month — monthly total energy | B41: =IFERROR($B$39*$B$9/1000,"") | C41: kWh | D41: E_month = E_request × Q_month / 1000 (§4.2)
A42: Carbon, location-based | B42: =IFERROR($B$41*$B$28/1000,"") | C42: kg CO2e/month | D42: C_op(location) = E_month × CI_location / 1000 (§4.3)
A43: Carbon, market-based | B43: =IF(OR($B$13="",NOT(ISNUMBER($B$13))),"not provided",IFERROR($B$41*$B$13/1000,"")) | C43: kg CO2e/month | D43: C_op(market) = E_month × CI_market / 1000 — ONLY if a numeric market CI is supplied; never blended with location-based (P6)
A44: Embodied carbon | B44: =IFERROR($B$42*$B$12,"") | C44: kg CO2e/month | D44: C_embodied = C_op(location) × embodied_adder (§4.6; default 0.25)
A45: Water (two-path) | B45: =IFERROR($B$40*$B$27+$B$41*$B$29,"") | C45: L/month | D45: W = E_IT_month × WUE + E_month × EWIF (§4.4, Li et al. two-path model)
A47: 4 · LOW / HIGH BOUNDS (energy-dominated; factor uncertainty adds beyond this)
A48: Energy per request — LOW | B48: =IFERROR($B$39*$B$24,"") | C48: Wh | D48: central × (wh_low / e_out)
A49: Energy per request — HIGH | B49: =IFERROR($B$39*$B$25,"") | C49: Wh | D49: central × (wh_high / e_out)
A50: Monthly energy — LOW | B50: =IFERROR($B$41*$B$24,"") | C50: kWh | D50: central × (wh_low / e_out)
A51: Monthly energy — HIGH | B51: =IFERROR($B$41*$B$25,"") | C51: kWh | D51: central × (wh_high / e_out)
A52: Carbon, location-based — LOW | B52: =IFERROR($B$42*$B$24,"") | C52: kg CO2e/month | D52: central × (wh_low / e_out)
A53: Carbon, location-based — HIGH | B53: =IFERROR($B$42*$B$25,"") | C53: kg CO2e/month | D53: central × (wh_high / e_out)
A54: Embodied carbon — LOW | B54: =IFERROR($B$44*$B$24,"") | C54: kg CO2e/month | D54: central × (wh_low / e_out)
A55: Embodied carbon — HIGH | B55: =IFERROR($B$44*$B$25,"") | C55: kg CO2e/month | D55: central × (wh_high / e_out)
A56: Water — LOW | B56: =IFERROR($B$45*$B$24,"") | C56: L/month | D56: central × (wh_low / e_out)
A57: Water — HIGH | B57: =IFERROR($B$45*$B$25,"") | C57: L/month | D57: central × (wh_high / e_out)
A58: Carbon, market-based — LOW | B58: =IF(OR($B$13="",NOT(ISNUMBER($B$13))),"not provided",IFERROR($B$43*$B$24,"")) | C58: kg CO2e/month | D58: central × (wh_low / e_out); 'not provided' without a numeric market CI
A59: Carbon, market-based — HIGH | B59: =IF(OR($B$13="",NOT(ISNUMBER($B$13))),"not provided",IFERROR($B$43*$B$25,"")) | C59: kg CO2e/month | D59: central × (wh_high / e_out); 'not provided' without a numeric market CI
A61: 5 · GRADE, FRUGALITY FLAG, GUIDANCE (§5)
A62: Efficiency grade | B62: =IF(OR($B$39="",NOT(ISNUMBER($B$32))),"",IF($B$39<=$B$32,"A",IF($B$39<=$B$33,"B",IF($B$39<=$B$34,"C",IF($B$39<=$B$35,"D","E"))))) | C62: A–E | D62: Central E_request vs task-class bands (§5.2); blank unless a valid task class is selected
A63: Frugality — count of "No" answers | B63: =COUNTIF($B$15:$B$17,"No") | C63: 0–3 | D63: Across Q1–Q3 (§5.3)
A64: Frugality flag | B64: =IF($B$63=0,"F0",IF($B$63=1,"F1","F2+")) | C64: F0/F1/F2+ | D64: 0 No → F0; 1 No → F1; ≥2 No → F2+ — reported BESIDE the grade, never combined into a composite score
A65: Guidance | B65: =IF($B$62="","",IF($B$62="E","Re-architect: reasoning budgets, model routing, or task redesign before scale-up",IF(OR($B$62="A",$B$62="B"),IF($B$64="F0","Proceed; monitor quarterly","Efficient but wasteful by design — fix necessity/right-sizing first"),IF($B$64="F0","Justified heavy use — apply mitigation levers; set an intensity-reduction target","Priority for intervention")))) | D65: Grade × flag decision table (§5.4)
A67: 6 · REAL-WORLD EQUIVALENTS (communication aids — factors from data/equivalents.csv)
A68: Factor: Energy → hours of LED bulb (10 W) (per 1 kWh) | B68: 100 | D68: Arithmetic: 1000 Wh / 10 W
A69: Factor: Energy → km driven in an average EV (per 1 kWh) | B69: 5.9 | D69: ~0.17 kWh/km typical EV consumption (EPA/WLTP averages)
A70: Factor: Energy → smartphone full charges (per 1 kWh) | B70: 80 | D70: EPA GHG Equivalencies Calculator (~0.012 kWh/charge)
A71: Factor: Carbon → km driven in an average petrol car (per 1 kg CO2e) | B71: 4 | D71: EPA GHG Equivalencies Calculator (~400 g CO2e/mile = ~250 g/km)
A72: Factor: Water → drinking glasses (250 mL) (per 1 L) | B72: 4 | D72: Arithmetic
A73: Factor: Water → 8-minute showers (per 1000 L) | B73: 15 | D73: EPA WaterSense (~2.1 gpm showerhead = ~64 L/shower)
A74: ≈ Hours of a 10 W LED bulb | B74: =IFERROR($B$41*$B$68,"") | C74: h/month | D74: E_month [kWh] × factor
A75: ≈ Smartphone full charges | B75: =IFERROR($B$41*$B$70,"") | C75: charges/month | D75: E_month [kWh] × factor
A76: ≈ Km driven in an average petrol car | B76: =IFERROR($B$42*$B$71,"") | C76: km/month | D76: C_op(location) [kg] × factor
A77: ≈ Km driven in an average EV | B77: =IFERROR($B$41*$B$69,"") | C77: km/month | D77: E_month [kWh] × factor
A78: ≈ Drinking glasses (250 mL) | B78: =IFERROR($B$45*$B$72,"") | C78: glasses/month | D78: Water [L] × factor
A79: ≈ 8-minute showers | B79: =IFERROR($B$45/1000*$B$73,"") | C79: showers/month | D79: Water [L] / 1000 × factor

Sheet Model Database
A1: Model | B1: Provider | C1: Weights | D1: Licence | E1: Capability class | F1: Architecture | G1: Total params (B) | H1: Active params (B) | I1: Context | J1: Released | K1: Reasoning mode | L1: Wh per 1k output tokens (central, IT boundary) | M1: Low | N1: High | O1: Tier | P1: Vintage | Q1: Basis | R1: Source | S1: Status
A2: GPT-6 Astra | B2: OpenAI | C2: Proprietary | D2: proprietary | E2: Frontier | F2: undisclosed | I2: 1.05M | J2: 2026-09-03 | K2: always | L2: 1.2 | M2: 0.39 | N2: 3.6 | O2: T4 | P2: 2026-09-03 | Q2: Class anchor for frontier closed-weight serving (§4.5): no parameter disclosure and no published per-request measurement, so the row carries the full T4 band. The ceiling for an API row is T2 and only the provider can lift it (§4.8). Reasoning cannot be disabled — every call incurs reasoning tokens, so use the Reasoning task class, whose token profile accounts for hidden thinking. | R2: OpenAI model documentation and release notes (developers.openai.com, openai.com), Sept 2026 | S2: current
A3: GPT-5.6 Sol | B3: OpenAI | C3: Proprietary | D3: proprietary | E3: Frontier | F3: undisclosed | I3: 1.05M | J3: 2026-07-09 | K3: optional | L3: 1.2 | M3: 0.39 | N3: 3.6 | O3: T4 | P3: 2026-07-09 | Q3: Class anchor for frontier closed-weight serving (§4.5): no parameter disclosure and no published per-request measurement, so the row carries the full T4 band. The ceiling for an API row is T2 and only the provider can lift it (§4.8). | R3: OpenAI model documentation and release notes (developers.openai.com, openai.com), Sept 2026 | S3: current
A4: GPT-5.6 Terra | B4: OpenAI | C4: Proprietary | D4: proprietary | E4: Mid | F4: undisclosed | I4: 1.05M | J4: 2026-07-09 | K4: optional | L4: 0.3 | M4: 0.09 | N4: 0.9 | O4: T4 | P4: 2026-07-09 | Q4: Class anchor for mid closed-weight serving (§4.5): no parameter disclosure and no published per-request measurement, so the row carries the full T4 band. The ceiling for an API row is T2 and only the provider can lift it (§4.8). | R4: OpenAI model documentation and release notes (developers.openai.com, openai.com), Sept 2026 | S4: current
A5: GPT-5.6 Luna | B5: OpenAI | C5: Proprietary | D5: proprietary | E5: Small | F5: undisclosed | I5: 1.05M | J5: 2026-07-09 | K5: optional | L5: 0.12 | M5: 0.04 | N5: 0.36 | O5: T4 | P5: 2026-07-09 | Q5: Class anchor for small closed-weight serving (§4.5): no parameter disclosure and no published per-request measurement, so the row carries the full T4 band. The ceiling for an API row is T2 and only the provider can lift it (§4.8). | R5: OpenAI model documentation and release notes (developers.openai.com, openai.com), Sept 2026 | S5: current
A6: GPT-5.5 | B6: OpenAI | C6: Proprietary | D6: proprietary | E6: Frontier | F6: undisclosed | I6: 1.05M | J6: 2026-04-23 | K6: optional | L6: 1.2 | M6: 0.39 | N6: 3.6 | O6: T4 | P6: 2026-04-23 | Q6: Class anchor for frontier closed-weight serving (§4.5): no parameter disclosure and no published per-request measurement, so the row carries the full T4 band. The ceiling for an API row is T2 and only the provider can lift it (§4.8). | R6: OpenAI model documentation and release notes (developers.openai.com, openai.com), Sept 2026 | S6: current
A7: GPT-5.5 Pro | B7: OpenAI | C7: Proprietary | D7: proprietary | E7: Frontier | F7: undisclosed | I7: 1.05M | J7: 2026-04-24 | K7: always | L7: 1.2 | M7: 0.39 | N7: 3.6 | O7: T4 | P7: 2026-04-24 | Q7: Class anchor for frontier closed-weight serving (§4.5): no parameter disclosure and no published per-request measurement, so the row carries the full T4 band. The ceiling for an API row is T2 and only the provider can lift it (§4.8). | R7: OpenAI model documentation and release notes (developers.openai.com, openai.com), Sept 2026 | S7: current
A8: GPT-5.4 | B8: OpenAI | C8: Proprietary | D8: proprietary | E8: Frontier | F8: undisclosed | I8: 400K | J8: 2026-03-05 | K8: optional | L8: 1.2 | M8: 0.39 | N8: 3.6 | O8: T4 | P8: 2026-03-05 | Q8: Class anchor for frontier closed-weight serving (§4.5): no parameter disclosure and no published per-request measurement, so the row carries the full T4 band. The ceiling for an API row is T2 and only the provider can lift it (§4.8). | R8: OpenAI model documentation and release notes (developers.openai.com, openai.com), Sept 2026 | S8: current
A9: GPT-5.4 mini | B9: OpenAI | C9: Proprietary | D9: proprietary | E9: Mid | F9: undisclosed | I9: 400K | J9: 2026-03-17 | K9: optional | L9: 0.3 | M9: 0.09 | N9: 0.9 | O9: T4 | P9: 2026-03-17 | Q9: Class anchor for mid closed-weight serving (§4.5): no parameter disclosure and no published per-request measurement, so the row carries the full T4 band. The ceiling for an API row is T2 and only the provider can lift it (§4.8). | R9: OpenAI model documentation and release notes (developers.openai.com, openai.com), Sept 2026 | S9: current
A10: GPT-5.4 nano | B10: OpenAI | C10: Proprietary | D10: proprietary | E10: Small | F10: undisclosed | I10: 400K | J10: 2026-03-17 | K10: optional | L10: 0.12 | M10: 0.04 | N10: 0.36 | O10: T4 | P10: 2026-03-17 | Q10: Class anchor for small closed-weight serving (§4.5): no parameter disclosure and no published per-request measurement, so the row carries the full T4 band. The ceiling for an API row is T2 and only the provider can lift it (§4.8). | R10: OpenAI model documentation and release notes (developers.openai.com, openai.com), Sept 2026 | S10: current
A11: GPT-5.3-Codex | B11: OpenAI | C11: Proprietary | D11: proprietary | E11: Frontier | F11: undisclosed | I11: 400K | J11: 2026-02-05 | K11: optional | L11: 1.2 | M11: 0.39 | N11: 3.6 | O11: T4 | P11: 2026-02-05 | Q11: Class anchor for frontier closed-weight serving (§4.5): no parameter disclosure and no published per-request measurement, so the row carries the full T4 band. The ceiling for an API row is T2 and only the provider can lift it (§4.8). | R11: OpenAI model documentation and release notes (developers.openai.com, openai.com), Sept 2026 | S11: current
A12: GPT-5.2 | B12: OpenAI | C12: Proprietary | D12: proprietary | E12: Frontier | F12: undisclosed | I12: 400K | J12: 2025-12-11 | K12: optional | L12: 1.2 | M12: 0.39 | N12: 3.6 | O12: T4 | P12: 2025-12-11 | Q12: Class anchor for frontier closed-weight serving (§4.5): no parameter disclosure and no published per-request measurement, so the row carries the full T4 band. The ceiling for an API row is T2 and only the provider can lift it (§4.8). | R12: OpenAI model documentation and release notes (developers.openai.com, openai.com), Sept 2026 | S12: current
A13: o3-deep-research | B13: OpenAI | C13: Proprietary | D13: proprietary | E13: Frontier | F13: undisclosed | I13: 200K | J13: 2025-10-10 | K13: always | L13: 1.2 | M13: 0.39 | N13: 3.6 | O13: T4 | P13: 2025-10-10 | Q13: Class anchor for frontier closed-weight serving (§4.5): no parameter disclosure and no published per-request measurement, so the row carries the full T4 band. The ceiling for an API row is T2 and only the provider can lift it (§4.8). Deep-research runs emit very large hidden reasoning traces; grade on the Reasoning class and measure your own token usage before trusting the default. | R13: OpenAI model documentation and release notes (developers.openai.com, openai.com), Sept 2026 | S13: current
A14: ChatGPT (fleet average) | B14: OpenAI | C14: Proprietary | D14: proprietary | E14: Frontier | F14: undisclosed | I14: — | J14: 2025-06 | K14: mixed | L14: 1 | M14: 0.5 | N14: 2 | O14: T2 | P14: 2025-06 | Q14: Provider-disclosed 0.34 Wh per average query, boundary unstated; converted at an assumed ~300 output tokens per average query. A fleet average is dominated by small models and short answers — it is not the rate of any one model, least of all a frontier one. | R14: OpenAI per-query energy statement (June 2025); conversion per FRAMEWORK.md §4.5 | S14: current
A15: gpt-oss-120b | B15: OpenAI | C15: Open | D15: Apache-2.0 | E15: Mid | F15: MoE | G15: 117 | H15: 5.1 | I15: 131K | J15: 2025-08-05 | K15: optional | L15: 0.011 | M15: 0.0036 | N15: 0.033 | O15: T4 | P15: 2025-08-05 | Q15: T4-physics(A=5.1): e_out = 2*N_active/(eta*u*3600)*S with eta=1.4e12 FLOPs/J (H100-class BF16), u=0.3, S=1.7. Open weights, so this row can be moved to T1 by metering your own deployment (§4.8). | R15: OpenAI gpt-oss model card (Aug 2025) | S15: current
A16: gpt-oss-20b | B16: OpenAI | C16: Open | D16: Apache-2.0 | E16: Small | F16: MoE | G16: 21 | H16: 3.6 | I16: 131K | J16: 2025-08-05 | K16: optional | L16: 0.0081 | M16: 0.0026 | N16: 0.025 | O16: T4 | P16: 2025-08-05 | Q16: T4-physics(A=3.6): e_out = 2*N_active/(eta*u*3600)*S with eta=1.4e12 FLOPs/J (H100-class BF16), u=0.3, S=1.7. Open weights, so this row can be moved to T1 by metering your own deployment (§4.8). | R16: OpenAI gpt-oss model card (Aug 2025) | S16: current
A17: GPT-4o | B17: OpenAI | C17: Proprietary | D17: proprietary | E17: Frontier | F17: undisclosed | I17: 128K | J17: 2024-05-13 | K17: no | L17: 0.8 | M17: 0.3 | N17: 2.4 | O17: T3 | P17: 2025-05 | Q17: Jegham et al. measured ~1.2 Wh per medium query; Epoch AI's first-principles estimate is ~0.3 Wh for a typical ~500-token answer. The central value reconciles both; the band is wider than T3 requires because the two disagree. | R17: arXiv:2505.09598; Epoch AI, 'How much energy does ChatGPT use?' (2025) | S17: legacy
A18: GPT-4o mini | B18: OpenAI | C18: Proprietary | D18: proprietary | E18: Small | F18: undisclosed | I18: 128K | J18: 2024-07 | K18: no | L18: 0.3 | M18: 0.1 | N18: 0.9 | O18: T3 | P18: 2025-05 | Q18: Jegham et al. ~1.4 Wh per medium query — higher than parameter physics implies, a batching penalty small models pay in shared serving. Bounds widened for that conflict. | R18: arXiv:2505.09598 | S18: legacy
A19: GPT-4.1 nano | B19: OpenAI | C19: Proprietary | D19: proprietary | E19: Small | F19: undisclosed | I19: 1M | J19: 2025-04 | K19: no | L19: 0.08 | M19: 0.03 | N19: 0.24 | O19: T3 | P19: 2025-05 | Q19: Lowest-energy commercial model in the Jegham et al. benchmark — more than 70x below o3 on the same prompts. This spread is the empirical basis of mitigation lever 1. | R19: arXiv:2505.09598 | S19: legacy
A20: o3 | B20: OpenAI | C20: Proprietary | D20: proprietary | E20: Frontier | F20: undisclosed | I20: 200K | J20: 2025-04-16 | K20: always | L20: 5 | M20: 2.5 | N20: 10 | O20: T3 | P20: 2025-05 | Q20: Jegham et al.: 21.4 Wh per medium prompt and over 33 Wh per long prompt including hidden reasoning tokens; expressed here as an effective rate per 1k generated tokens. Anchors the grade-E band for the reasoning class. | R20: arXiv:2505.09598 | S20: legacy
A21: GPT-5 | B21: OpenAI | C21: Proprietary | D21: proprietary | E21: Frontier | F21: undisclosed | I21: 400K | J21: 2025-08-07 | K21: optional | L21: 1 | M21: 0.33 | N21: 3 | O21: T4 | P21: 2025-08 | Q21: Class anchor at time of release; retained so year-on-year comparisons against the 2025 generation remain possible. | R21: Class-based estimate per FRAMEWORK.md §4.5 | S21: legacy
A22: Claude Fable 5.1 | B22: Anthropic | C22: Proprietary | D22: proprietary | E22: Frontier | F22: undisclosed | I22: 1M | J22: 2026-09-01 | K22: always | L22: 1.2 | M22: 0.39 | N22: 3.6 | O22: T4 | P22: 2026-09-01 | Q22: Class anchor for frontier closed-weight serving (§4.5): no parameter disclosure and no published per-request measurement, so the row carries the full T4 band. The ceiling for an API row is T2 and only the provider can lift it (§4.8). Anthropic publishes no per-query or per-token energy, carbon or water figure for any Claude model, so this row cannot rise above T4 without a disclosure. | R22: Anthropic model documentation (platform.claude.com), Sept 2026 | S22: current
A23: Claude Mythos 5.1 | B23: Anthropic | C23: Proprietary | D23: proprietary | E23: Frontier | F23: undisclosed | I23: 1M | J23: 2026-09-01 | K23: always | L23: 1.2 | M23: 0.39 | N23: 3.6 | O23: T4 | P23: 2026-09-01 | Q23: Class anchor for frontier closed-weight serving (§4.5): no parameter disclosure and no published per-request measurement, so the row carries the full T4 band. The ceiling for an API row is T2 and only the provider can lift it (§4.8). Trusted-access only; shares Fable 5.1's specifications. Anthropic publishes no per-query or per-token energy, carbon or water figure for any Claude model, so this row cannot rise above T4 without a disclosure. | R23: Anthropic model documentation (platform.claude.com), Sept 2026 | S23: current
A24: Claude Opus 5 | B24: Anthropic | C24: Proprietary | D24: proprietary | E24: Frontier | F24: undisclosed | I24: 1M | J24: 2026-07-24 | K24: optional | L24: 1.2 | M24: 0.39 | N24: 3.6 | O24: T4 | P24: 2026-07-24 | Q24: Class anchor for frontier closed-weight serving (§4.5): no parameter disclosure and no published per-request measurement, so the row carries the full T4 band. The ceiling for an API row is T2 and only the provider can lift it (§4.8). Anthropic publishes no per-query or per-token energy, carbon or water figure for any Claude model, so this row cannot rise above T4 without a disclosure. | R24: Anthropic model documentation (platform.claude.com), Sept 2026 | S24: current
A25: Claude Sonnet 5 | B25: Anthropic | C25: Proprietary | D25: proprietary | E25: Mid | F25: undisclosed | I25: 1M | J25: 2026-06-30 | K25: optional | L25: 0.3 | M25: 0.09 | N25: 0.9 | O25: T4 | P25: 2026-06-30 | Q25: Class anchor for mid closed-weight serving (§4.5): no parameter disclosure and no published per-request measurement, so the row carries the full T4 band. The ceiling for an API row is T2 and only the provider can lift it (§4.8). Anthropic publishes no per-query or per-token energy, carbon or water figure for any Claude model, so this row cannot rise above T4 without a disclosure. | R25: Anthropic model documentation (platform.claude.com), Sept 2026 | S25: current
A26: Claude Fable 5 | B26: Anthropic | C26: Proprietary | D26: proprietary | E26: Frontier | F26: undisclosed | I26: 1M | J26: 2026-06-09 | K26: always | L26: 1.2 | M26: 0.39 | N26: 3.6 | O26: T4 | P26: 2026-06-09 | Q26: Class anchor for frontier closed-weight serving (§4.5): no parameter disclosure and no published per-request measurement, so the row carries the full T4 band. The ceiling for an API row is T2 and only the provider can lift it (§4.8). Anthropic publishes no per-query or per-token energy, carbon or water figure for any Claude model, so this row cannot rise above T4 without a disclosure. | R26: Anthropic model documentation (platform.claude.com), Sept 2026 | S26: current
A27: Claude Opus 4.8 | B27: Anthropic | C27: Proprietary | D27: proprietary | E27: Frontier | F27: undisclosed | I27: 1M | J27: 2026-05-28 | K27: optional | L27: 1.2 | M27: 0.39 | N27: 3.6 | O27: T4 | P27: 2026-05-28 | Q27: Class anchor for frontier closed-weight serving (§4.5): no parameter disclosure and no published per-request measurement, so the row carries the full T4 band. The ceiling for an API row is T2 and only the provider can lift it (§4.8). Anthropic publishes no per-query or per-token energy, carbon or water figure for any Claude model, so this row cannot rise above T4 without a disclosure. | R27: Anthropic model documentation (platform.claude.com), Sept 2026 | S27: current
A28: Claude Opus 4.6 | B28: Anthropic | C28: Proprietary | D28: proprietary | E28: Frontier | F28: undisclosed | I28: 1M | J28: 2026-02-05 | K28: optional | L28: 1.2 | M28: 0.39 | N28: 3.6 | O28: T4 | P28: 2026-02-05 | Q28: Class anchor for frontier closed-weight serving (§4.5): no parameter disclosure and no published per-request measurement, so the row carries the full T4 band. The ceiling for an API row is T2 and only the provider can lift it (§4.8). Anthropic publishes no per-query or per-token energy, carbon or water figure for any Claude model, so this row cannot rise above T4 without a disclosure. | R28: Anthropic model documentation (platform.claude.com), Sept 2026 | S28: current
... A45: Gemini 2.5 Flash | B45: Google | C45: Proprietary | D45: proprietary | E45: Mid | F45: undisclosed | I45: 1M | J45: 2025-04 | K45: optional | L45: 0.3 | M45: 0.09 | N45: 0.9 | O45: T4 | P45: 2025-04 | Q45: Class anchor for mid closed-weight serving (§4.5): no parameter disclosure and no published per-request measurement, so the row carries the full T4 band. The ceiling for an API row is T2 and only the provider can lift it (§4.8). | R45: Google Gemini model cards (ai.google.dev / DeepMind), 2026 | S45: legacy
A46: Gemma 4 31B | B46: Google | C46: Open | D46: Gemma Terms of Use | E46: Mid | F46: dense | G46: 31 | H46: 31 | I46: 128K | J46: 2026-04-02 | K46: optional | L46: 0.07 | M46: 0.023 | N46: 0.21 | O46: T4 | P46: 2026-04-02 | Q46: T4-physics(A=31): e_out = 2*N_active/(eta*u*3600)*S with eta=1.4e12 FLOPs/J (H100-class BF16), u=0.3, S=1.7. Open weights, so this row can be moved to T1 by metering your own deployment (§4.8). | R46: Google Gemma 4 model cards (April–June 2026) | S46: current
A47: Gemma 4 26B-A4B | B47: Google | C47: Open | D47: Gemma Terms of Use | E47: Mid | F47: MoE | G47: 26 | H47: 3.8 | I47: 128K | J47: 2026-04-02 | K47: optional | L47: 0.0085 | M47: 0.0028 | N47: 0.026 | O47: T4 | P47: 2026-04-02 | Q47: T4-physics(A=3.8): e_out = 2*N_active/(eta*u*3600)*S with eta=1.4e12 FLOPs/J (H100-class BF16), u=0.3, S=1.7. Open weights, so this row can be moved to T1 by metering your own deployment (§4.8). | R47: Google Gemma 4 model cards (April–June 2026) | S47: current
A48: Gemma 4 12B | B48: Google | C48: Open | D48: Gemma Terms of Use | E48: Small | F48: dense | G48: 12 | H48: 12 | I48: 128K | J48: 2026-06-03 | K48: optional | L48: 0.027 | M48: 0.0089 | N48: 0.081 | O48: T4 | P48: 2026-06-03 | Q48: T4-physics(A=12): e_out = 2*N_active/(eta*u*3600)*S with eta=1.4e12 FLOPs/J (H100-class BF16), u=0.3, S=1.7. Open weights, so this row can be moved to T1 by metering your own deployment (§4.8). | R48: Google Gemma 4 model cards (April–June 2026) | S48: current
A49: Gemma 4 E4B | B49: Google | C49: Open | D49: Gemma Terms of Use | E49: Tiny | F49: dense | G49: 4.5 | H49: 4.5 | I49: 128K | J49: 2026-04-02 | K49: optional | L49: 0.01 | M49: 0.0033 | N49: 0.03 | O49: T4 | P49: 2026-04-02 | Q49: T4-physics(A=4.5): e_out = 2*N_active/(eta*u*3600)*S with eta=1.4e12 FLOPs/J (H100-class BF16), u=0.3, S=1.7. Open weights, so this row can be moved to T1 by metering your own deployment (§4.8). Effective-parameter variant for on-device serving. | R49: Google Gemma 4 model cards (April–June 2026) | S49: current
A50: Gemma 4 E2B | B50: Google | C50: Open | D50: Gemma Terms of Use | E50: Tiny | F50: dense | G50: 2.3 | H50: 2.3 | I50: 128K | J50: 2026-04-02 | K50: optional | L50: 0.0052 | M50: 0.0017 | N50: 0.016 | O50: T4 | P50: 2026-04-02 | Q50: T4-physics(A=2.3): e_out = 2*N_active/(eta*u*3600)*S with eta=1.4e12 FLOPs/J (H100-class BF16), u=0.3, S=1.7. Open weights, so this row can be moved to T1 by metering your own deployment (§4.8). | R50: Google Gemma 4 model cards (April–June 2026) | S50: current
A51: Muse Spark 1.3 | B51: Meta | C51: Proprietary | D51: proprietary | E51: Frontier | F51: undisclosed | I51: — | J51: 2026-09-02 | K51: optional | L51: 1.2 | M51: 0.39 | N51: 3.6 | O51: T4 | P51: 2026-09-02 | Q51: Class anchor for frontier closed-weight serving (§4.5): no parameter disclosure and no published per-request measurement, so the row carries the full T4 band. The ceiling for an API row is T2 and only the provider can lift it (§4.8). Meta's frontier line went closed-weight with Muse Spark; no model card energy figures are published for it. | R51: Meta model cards (meta-llama/llama-models, facebookresearch) and product announcements, 2026 | S51: current
A52: Muse Spark 1.2 | B52: Meta | C52: Proprietary | D52: proprietary | E52: Frontier | F52: undisclosed | I52: — | J52: 2026-08-05 | K52: optional | L52: 1.2 | M52: 0.39 | N52: 3.6 | O52: T4 | P52: 2026-08-05 | Q52: Class anchor for frontier closed-weight serving (§4.5): no parameter disclosure and no published per-request measurement, so the row carries the full T4 band. The ceiling for an API row is T2 and only the provider can lift it (§4.8). | R52: Meta model cards (meta-llama/llama-models, facebookresearch) and product announcements, 2026 | S52: current
A53: Muse Glimmer 30B | B53: Meta | C53: Open | D53: Apache-2.0 | E53: Mid | F53: dense | G53: 29.6 | H53: 29.6 | I53: 128K | J53: 2026-08-10 | K53: optional | L53: 0.067 | M53: 0.022 | N53: 0.21 | O53: T4 | P53: 2026-08-10 | Q53: T4-physics(A=29.6): e_out = 2*N_active/(eta*u*3600)*S with eta=1.4e12 FLOPs/J (H100-class BF16), u=0.3, S=1.7. Open weights, so this row can be moved to T1 by metering your own deployment (§4.8). Meta's partial return to open weights after the Muse Spark line went closed. | R53: Meta model cards (meta-llama/llama-models, facebookresearch) and product announcements, 2026 | S53: current
A54: Llama 4 Maverick | B54: Meta | C54: Open | D54: Llama 4 Community | E54: Mid | F54: MoE | G54: 400 | H54: 17 | I54: 1M | J54: 2025-04-05 | K54: no | L54: 0.038 | M54: 0.012 | N54: 0.12 | O54: T4 | P54: 2025-04-05 | Q54: T4-physics(A=17): e_out = 2*N_active/(eta*u*3600)*S with eta=1.4e12 FLOPs/J (H100-class BF16), u=0.3, S=1.7. Open weights, so this row can be moved to T1 by metering your own deployment (§4.8). 17B active of 400B total: energy tracks the 17B, memory tracks the 400B. Conflating the two overstates this row roughly 20-fold. | R54: Meta Llama 4 model card (April 2025) | S54: current
A55: Llama 4 Scout | B55: Meta | C55: Open | D55: Llama 4 Community | E55: Mid | F55: MoE | G55: 109 | H55: 17 | I55: 10M | J55: 2025-04-05 | K55: no | L55: 0.038 | M55: 0.012 | N55: 0.12 | O55: T4 | P55: 2025-04-05 | Q55: T4-physics(A=17): e_out = 2*N_active/(eta*u*3600)*S with eta=1.4e12 FLOPs/J (H100-class BF16), u=0.3, S=1.7. Open weights, so this row can be moved to T1 by metering your own deployment (§4.8). | R55: Meta Llama 4 model card (April 2025) | S55: current
A56: Llama 3.2 3B | B56: Meta | C56: Open | D56: Llama 3.2 Community | E56: Tiny | F56: dense | G56: 3 | H56: 3 | I56: 128K | J56: 2024-10-24 | K56: no | L56: 0.0067 | M56: 0.0022 | N56: 0.021 | O56: T4 | P56: 2024-10-24 | Q56: T4-physics(A=3): e_out = 2*N_active/(eta*u*3600)*S with eta=1.4e12 FLOPs/J (H100-class BF16), u=0.3, S=1.7. Open weights, so this row can be moved to T1 by metering your own deployment (§4.8). | R56: Meta Llama 3.2 model card (Oct 2024) | S56: current
A57: Llama 3.2 1B | B57: Meta | C57: Open | D57: Llama 3.2 Community | E57: Tiny | F57: dense | G57: 1 | H57: 1 | I57: 128K | J57: 2024-10-24 | K57: no | L57: 0.0022 | M57: 0.00073 | N57: 0.0066 | O57: T4 | P57: 2024-10-24 | Q57: T4-physics(A=1): e_out = 2*N_active/(eta*u*3600)*S with eta=1.4e12 FLOPs/J (H100-class BF16), u=0.3, S=1.7. Open weights, so this row can be moved to T1 by metering your own deployment (§4.8). | R57: Meta Llama 3.2 model card (Oct 2024) | S57: current
A58: CWM (Code World Model) 32B | B58: Meta | C58: Open | D58: FAIR non-commercial research | E58: Mid | F58: dense | G58: 32 | H58: 32 | I58: 131K | J58: 2025-09 | K58: optional | L58: 0.072 | M58: 0.023 | N58: 0.22 | O58: T4 | P58: 2025-09 | Q58: T4-physics(A=32): e_out = 2*N_active/(eta*u*3600)*S with eta=1.4e12 FLOPs/J (H100-class BF16), u=0.3, S=1.7. Open weights, so this row can be moved to T1 by metering your own deployment (§4.8). | R58: Meta FAIR CWM model card (Sept 2025) | S58: current
A59: Llama 3.3 70B | B59: Meta | C59: Open | D59: Llama 3.3 Community | E59: Mid | F59: dense | G59: 70 | H59: 70 | I59: 128K | J59: 2024-12-06 | K59: no | L59: 0.15 | M59: 0.07 | N59: 0.3 | O59: T3 | P59: 2025-02 | Q59: Benchmarked GPU energy on H100 from the AI Energy Score leaderboard, multiplied by the serving-stack factor S = 1.7 to reach the IT boundary. | R59: AI Energy Score leaderboard (2025) | S59: legacy
A60: Llama 3.1 8B | B60: Meta | C60: Open | D60: Llama 3.1 Community | E60: Small | F60: dense | G60: 8 | H60: 8 | I60: 128K | J60: 2024-07-23 | K60: no | L60: 0.02 | M60: 0.01 | N60: 0.04 | O60: T3 | P60: 2025-02 | Q60: Benchmarked GPU energy on H100 (AI Energy Score) times the serving-stack factor S = 1.7. The narrowest band in the database, because it is the most measured row. | R60: AI Energy Score leaderboard (2025); arXiv:2505.09598 | S60: legacy
A61: Llama 3.1 405B | B61: Meta | C61: Open | D61: Llama 3.1 Community | E61: Frontier | F61: dense | G61: 405 | H61: 405 | I61: 128K | J61: 2024-07-23 | K61: no | L61: 0.9 | M61: 0.3 | N61: 2.7 | O61: T4 | P61: 2025-02 | Q61: T4-physics(A=405). A dense 405B model is the worst case for serving energy: every parameter is touched for every token. Sparse successors at a twentieth of the active parameters match or beat it on quality. | R61: FRAMEWORK.md §4.5 Tier-4 model | S61: legacy
A62: Mistral Large 3 | B62: Mistral AI | C62: Open | D62: Apache-2.0 | E62: Frontier | F62: MoE | G62: 675 | H62: 41 | I62: 256K | J62: 2025-12-02 | K62: optional | L62: 0.092 | M62: 0.03 | N62: 0.28 | O62: T4 | P62: 2025-12-02 | Q62: T4-physics(A=41): e_out = 2*N_active/(eta*u*3600)*S with eta=1.4e12 FLOPs/J (H100-class BF16), u=0.3, S=1.7. Open weights, so this row can be moved to T1 by metering your own deployment (§4.8). Mistral's frontier model is open-weight and Apache-2.0, so a self-hosted deployment can be metered to T1 — unique among frontier-class rows. | R62: Mistral AI model cards and release notes (docs.mistral.ai), 2025-2026 | S62: current
A63: Mistral Small 4 | B63: Mistral AI | C63: Open | D63: Apache-2.0 | E63: Mid | F63: MoE | G63: 119 | H63: 6 | I63: 256K | J63: 2026-03-16 | K63: optional | L63: 0.013 | M63: 0.0043 | N63: 0.039 | O63: T4 | P63: 2026-03-16 | Q63: T4-physics(A=6): e_out = 2*N_active/(eta*u*3600)*S with eta=1.4e12 FLOPs/J (H100-class BF16), u=0.3, S=1.7. Open weights, so this row can be moved to T1 by metering your own deployment (§4.8). | R63: Mistral AI model cards and release notes (docs.mistral.ai), 2025-2026 | S63: current
A64: Ministral 3 14B | B64: Mistral AI | C64: Open | D64: Apache-2.0 | E64: Small | F64: dense | G64: 14 | H64: 14 | I64: 256K | J64: 2025-12-02 | K64: no | L64: 0.031 | M64: 0.01 | N64: 0.093 | O64: T4 | P64: 2025-12-02 | Q64: T4-physics(A=14): e_out = 2*N_active/(eta*u*3600)*S with eta=1.4e12 FLOPs/J (H100-class BF16), u=0.3, S=1.7. Open weights, so this row can be moved to T1 by metering your own deployment (§4.8). | R64: Mistral AI model cards and release notes (docs.mistral.ai), 2025-2026 | S64: current
... A68: Devstral Small 2 | B68: Mistral AI | C68: Open | D68: Apache-2.0 | E68: Small | F68: dense | G68: 24 | H68: 24 | I68: 256K | J68: 2025-12-09 | K68: no | L68: 0.054 | M68: 0.018 | N68: 0.17 | O68: T4 | P68: 2025-12-09 | Q68: T4-physics(A=24): e_out = 2*N_active/(eta*u*3600)*S with eta=1.4e12 FLOPs/J (H100-class BF16), u=0.3, S=1.7. Open weights, so this row can be moved to T1 by metering your own deployment (§4.8). | R68: Mistral AI model cards and release notes (docs.mistral.ai), 2025-2026 | S68: current
A69: Mistral Medium 3.5 | B69: Mistral AI | C69: Proprietary | D69: proprietary | E69: Mid | F69: undisclosed | I69: 128K | J69: 2026-04-29 | K69: optional | L69: 0.3 | M69: 0.09 | N69: 0.9 | O69: T4 | P69: 2026-04-29 | Q69: Class anchor for mid closed-weight serving (§4.5): no parameter disclosure and no published per-request measurement, so the row carries the full T4 band. The ceiling for an API row is T2 and only the provider can lift it (§4.8). | R69: Mistral AI model cards and release notes (docs.mistral.ai), 2025-2026 | S69: current
A70: Mistral Large 2 | B70: Mistral AI | C70: Open | D70: Mistral Research Licence | E70: Mid | F70: dense | G70: 123 | H70: 123 | I70: 128K | J70: 2024-07 | K70: no | L70: 0.28 | M70: 0.14 | N70: 0.56 | O70: T2 | P70: 2025-01 | Q70: The first audited life-cycle assessment of an LLM (ADEME/Carbone 4 framework, peer-reviewed by Resilio and Hubblo): 1.14 g CO2e and 45 mL water per 400-token response including amortised training. Energy back-calculated from 123B dense physics against the LCA's carbon on a French-adjacent grid. | R70: Mistral AI environmental report (2025); ISO 14040/44 and ITU-T L.1410 compliant | S70: legacy
A71: Mistral Small 3 | B71: Mistral AI | C71: Open | D71: Apache-2.0 | E71: Small | F71: dense | G71: 24 | H71: 24 | I71: 32K | J71: 2025-01 | K71: no | L71: 0.054 | M71: 0.018 | N71: 0.17 | O71: T4 | P71: 2025-01 | Q71: T4-physics(A=24): e_out = 2*N_active/(eta*u*3600)*S with eta=1.4e12 FLOPs/J (H100-class BF16), u=0.3, S=1.7. Open weights, so this row can be moved to T1 by metering your own deployment (§4.8). | R71: Mistral AI model cards and release notes (docs.mistral.ai), 2025-2026 | S71: legacy
A72: DeepSeek-V4-Pro | B72: DeepSeek | C72: Open | D72: MIT | E72: Frontier | F72: MoE | G72: 1600 | H72: 49 | I72: 128K | J72: 2026-08 | K72: mixed | L72: 0.11 | M72: 0.036 | N72: 0.33 | O72: T4 | P72: 2026-08 | Q72: T4-physics(A=49): e_out = 2*N_active/(eta*u*3600)*S with eta=1.4e12 FLOPs/J (H100-class BF16), u=0.3, S=1.7. Open weights, so this row can be moved to T1 by metering your own deployment (§4.8). 49B active of 1.6T total — the sparsest frontier row in the database, and the clearest illustration of why energy must be modelled on active parameters. | R72: DeepSeek model cards and technical reports, 2025-2026 | S72: current
A73: DeepSeek-V4-Flash | B73: DeepSeek | C73: Open | D73: MIT | E73: Frontier | F73: MoE | G73: 284 | H73: 13 | I73: 128K | J73: 2026-07-31 | K73: mixed | L73: 0.029 | M73: 0.0096 | N73: 0.087 | O73: T4 | P73: 2026-07-31 | Q73: T4-physics(A=13): e_out = 2*N_active/(eta*u*3600)*S with eta=1.4e12 FLOPs/J (H100-class BF16), u=0.3, S=1.7. Open weights, so this row can be moved to T1 by metering your own deployment (§4.8). | R73: DeepSeek model cards and technical reports, 2025-2026 | S73: current
A74: DeepSeek-V3.2 | B74: DeepSeek | C74: Open | D74: MIT | E74: Frontier | F74: MoE | G74: 685 | H74: 37 | I74: 128K | J74: 2025-12-01 | K74: optional | L74: 0.083 | M74: 0.027 | N74: 0.25 | O74: T4 | P74: 2025-12-01 | Q74: T4-physics(A=37): e_out = 2*N_active/(eta*u*3600)*S with eta=1.4e12 FLOPs/J (H100-class BF16), u=0.3, S=1.7. Open weights, so this row can be moved to T1 by metering your own deployment (§4.8). | R74: DeepSeek model cards and technical reports, 2025-2026 | S74: current
A75: DeepSeek-V3.2-Speciale | B75: DeepSeek | C75: Open | D75: MIT | E75: Frontier | F75: MoE | G75: 685 | H75: 37 | I75: 128K | J75: 2025-12-01 | K75: always | L75: 0.083 | M75: 0.027 | N75: 0.25 | O75: T4 | P75: 2025-12-01 | Q75: T4-physics(A=37): e_out = 2*N_active/(eta*u*3600)*S with eta=1.4e12 FLOPs/J (H100-class BF16), u=0.3, S=1.7. Open weights, so this row can be moved to T1 by metering your own deployment (§4.8). Always-on reasoning: the physics rate is unchanged, but token counts per request are several times higher. Grade on the Reasoning class. | R75: DeepSeek model cards and technical reports, 2025-2026 | S75: current
A76: DeepSeek-R1 | B76: DeepSeek | C76: Open | D76: MIT | E76: Frontier | F76: MoE | G76: 671 | H76: 37 | I76: 128K | J76: 2025-01-20 | K76: always | L76: 3 | M76: 1.5 | N76: 6 | O76: T3 | P76: 2025-05 | Q76: Jegham et al.: ~29 Wh per long prompt with extended reasoning chains, expressed as an effective rate over generated (including reasoning) tokens. Measured far above the 37B-active physics floor — production reasoning serving is not cheap. | R76: arXiv:2505.09598 | S76: legacy
A77: Qwen3.8-2.4T-A95B | B77: Alibaba | C77: Open | D77: Apache-2.0 | E77: Frontier | F77: MoE | G77: 2400 | H77: 95 | I77: 256K | J77: 2026-08-12 | K77: always | L77: 0.21 | M77: 0.069 | N77: 0.63 | O77: T4 | P77: 2026-08-12 | Q77: T4-physics(A=95): e_out = 2*N_active/(eta*u*3600)*S with eta=1.4e12 FLOPs/J (H100-class BF16), u=0.3, S=1.7. Open weights, so this row can be moved to T1 by metering your own deployment (§4.8). | R77: Qwen model cards and technical reports (Alibaba), 2025-2026 | S77: current
A78: Qwen3.8-27B | B78: Alibaba | C78: Open | D78: Apache-2.0 | E78: Mid | F78: dense | G78: 27 | H78: 27 | I78: 256K | J78: 2026-08-14 | K78: always | L78: 0.061 | M78: 0.02 | N78: 0.19 | O78: T4 | P78: 2026-08-14 | Q78: T4-physics(A=27): e_out = 2*N_active/(eta*u*3600)*S with eta=1.4e12 FLOPs/J (H100-class BF16), u=0.3, S=1.7. Open weights, so this row can be moved to T1 by metering your own deployment (§4.8). | R78: Qwen model cards and technical reports (Alibaba), 2025-2026 | S78: current
A79: Qwen3.6-27B | B79: Alibaba | C79: Open | D79: Apache-2.0 | E79: Mid | F79: dense | G79: 27 | H79: 27 | I79: 256K | J79: 2026-04-22 | K79: optional | L79: 0.061 | M79: 0.02 | N79: 0.19 | O79: T4 | P79: 2026-04-22 | Q79: T4-physics(A=27): e_out = 2*N_active/(eta*u*3600)*S with eta=1.4e12 FLOPs/J (H100-class BF16), u=0.3, S=1.7. Open weights, so this row can be moved to T1 by metering your own deployment (§4.8). | R79: Qwen model cards and technical reports (Alibaba), 2025-2026 | S79: current
A80: Qwen3.6-35B-A3B | B80: Alibaba | C80: Open | D80: Apache-2.0 | E80: Small | F80: MoE | G80: 35 | H80: 3 | I80: 256K | J80: 2026-04-16 | K80: optional | L80: 0.0067 | M80: 0.0022 | N80: 0.021 | O80: T4 | P80: 2026-04-16 | Q80: T4-physics(A=3): e_out = 2*N_active/(eta*u*3600)*S with eta=1.4e12 FLOPs/J (H100-class BF16), u=0.3, S=1.7. Open weights, so this row can be moved to T1 by metering your own deployment (§4.8). | R80: Qwen model cards and technical reports (Alibaba), 2025-2026 | S80: current
A81: Qwen3.5-397B-A17B | B81: Alibaba | C81: Open | D81: Apache-2.0 | E81: Frontier | F81: MoE | G81: 397 | H81: 17 | I81: 256K | J81: 2026-02-16 | K81: optional | L81: 0.038 | M81: 0.012 | N81: 0.12 | O81: T4 | P81: 2026-02-16 | Q81: T4-physics(A=17): e_out = 2*N_active/(eta*u*3600)*S with eta=1.4e12 FLOPs/J (H100-class BF16), u=0.3, S=1.7. Open weights, so this row can be moved to T1 by metering your own deployment (§4.8). | R81: Qwen model cards and technical reports (Alibaba), 2025-2026 | S81: current
... A130: Comma v0.1-2T 7B | B130: EleutherAI | C130: Open | D130: Open (openly licensed data) | E130: Small | F130: dense | G130: 7 | H130: 7 | I130: 8K | J130: 2025-06 | K130: no | L130: 0.016 | M130: 0.0053 | N130: 0.048 | O130: T4 | P130: 2025-06 | Q130: T4-physics(A=7): e_out = 2*N_active/(eta*u*3600)*S with eta=1.4e12 FLOPs/J (H100-class BF16), u=0.3, S=1.7. Open weights, so this row can be moved to T1 by metering your own deployment (§4.8). Trained only on openly licensed text; useful as a fully reproducible reference point. | R130: EleutherAI Comma model card (2025) | S130: current
A131: Grok 4 | B131: xAI | C131: Proprietary | D131: proprietary | E131: Frontier | F131: undisclosed | I131: 256K | J131: 2025-07 | K131: always | L131: 1.2 | M131: 0.39 | N131: 3.6 | O131: T4 | P131: 2025-07 | Q131: Class anchor for frontier closed-weight serving (§4.5): no parameter disclosure and no published per-request measurement, so the row carries the full T4 band. The ceiling for an API row is T2 and only the provider can lift it (§4.8). Carried forward from the 2025 database and NOT re-verified in the September 2026 research pass — this provider's current lineup could not be confirmed, so a successor model may exist. Treat the vintage, not the row, as the warning. | R131: xAI Grok 4 announcement (July 2025) | S131: current
A132: Grok 4 Fast | B132: xAI | C132: Proprietary | D132: proprietary | E132: Mid | F132: undisclosed | I132: 2M | J132: 2025-09 | K132: optional | L132: 0.3 | M132: 0.09 | N132: 0.9 | O132: T4 | P132: 2025-09 | Q132: Class anchor for mid closed-weight serving (§4.5): no parameter disclosure and no published per-request measurement, so the row carries the full T4 band. The ceiling for an API row is T2 and only the provider can lift it (§4.8). Carried forward from the 2025 database and NOT re-verified in the September 2026 research pass — this provider's current lineup could not be confirmed, so a successor model may exist. Treat the vintage, not the row, as the warning. | R132: xAI model documentation (2025) | S132: current
A133: Amazon Nova Pro | B133: Amazon | C133: Proprietary | D133: proprietary | E133: Mid | F133: undisclosed | I133: 300K | J133: 2024-12 | K133: no | L133: 0.3 | M133: 0.09 | N133: 0.9 | O133: T4 | P133: 2024-12 | Q133: Class anchor for mid closed-weight serving (§4.5): no parameter disclosure and no published per-request measurement, so the row carries the full T4 band. The ceiling for an API row is T2 and only the provider can lift it (§4.8). Carried forward from the 2025 database and NOT re-verified in the September 2026 research pass — this provider's current lineup could not be confirmed, so a successor model may exist. Treat the vintage, not the row, as the warning. | R133: Amazon Nova model cards (2024-2025) | S133: current
A134: Amazon Nova Lite | B134: Amazon | C134: Proprietary | D134: proprietary | E134: Small | F134: undisclosed | I134: 300K | J134: 2024-12 | K134: no | L134: 0.12 | M134: 0.04 | N134: 0.36 | O134: T4 | P134: 2024-12 | Q134: Class anchor for small closed-weight serving (§4.5): no parameter disclosure and no published per-request measurement, so the row carries the full T4 band. The ceiling for an API row is T2 and only the provider can lift it (§4.8). Carried forward from the 2025 database and NOT re-verified in the September 2026 research pass — this provider's current lineup could not be confirmed, so a successor model may exist. Treat the vintage, not the row, as the warning. | R134: Amazon Nova model cards (2024-2025) | S134: current
A135: Amazon Nova Micro | B135: Amazon | C135: Proprietary | D135: proprietary | E135: Tiny | F135: undisclosed | I135: 128K | J135: 2024-12 | K135: no | L135: 0.05 | M135: 0.016 | N135: 0.16 | O135: T4 | P135: 2024-12 | Q135: Class anchor for tiny closed-weight serving (§4.5): no parameter disclosure and no published per-request measurement, so the row carries the full T4 band. The ceiling for an API row is T2 and only the provider can lift it (§4.8). Carried forward from the 2025 database and NOT re-verified in the September 2026 research pass — this provider's current lineup could not be confirmed, so a successor model may exist. Treat the vintage, not the row, as the warning. | R135: Amazon Nova model cards (2024-2025) | S135: current
A136: Custom / my own model | B136: (user) | C136: Open | D136: — | E136: Mid | F136: dense | I136: — | K136: no | L136: 0.15 | M136: 0.05 | N136: 0.45 | O136: T4 | P136: 2026-09 | Q136: Editable row. Replace with your own metered figure (T1, band ×/÷ 1.15) or with a physics estimate for your active parameter count: e_out = 2.25e-3 × N_active_billions Wh per 1k output tokens at the H100-class anchor. Measuring beats every other row in this table. | R136: User-supplied | S136: current
A138: IT boundary = accelerator + host + idle serving capacity (the serving-stack multiplier S is already applied to every row). ENERGY ONLY is stored per model: carbon and water come from the separate Region and Facility tables, because they vary independently of the model (P3).
A139: Tier key: T1 measured · T2 provider-disclosed · T3 independently benchmarked · T4 modelled from parameter physics (§4.5). The tier sets the minimum width of the uncertainty band; rows whose sources disagree carry wider bounds, justified in the Basis column.
A140: Active params drive energy per token; total params drive memory. For mixture-of-experts models the two differ by an order of magnitude, which is why the Tier-4 physics model uses ACTIVE parameters (§4.5).
A141: Weights = Open means the checkpoint is downloadable, so the deployment can be metered directly and moved to T1. It is not a quality or licence judgement — see the Licence column for terms.
A142: Status = legacy marks superseded rows kept for historical comparison. Source of truth: data/models.csv.

Sheet Region Factors
A1: Region | B1: CI location (g CO2e/kWh) | C1: CI low | D1: CI high | E1: EWIF (L/kWh) | F1: EWIF low | G1: EWIF high | H1: Vintage | I1: Source | J1: Notes
A2: Global average | B2: 473 | C2: 425 | D2: 520 | E2: 2 | F2: 1 | G2: 4 | H2: 2024 | I2: Ember Global Electricity Review 2025 (2024 data); EWIF: Li et al. arXiv:2304.03271 + Macknick et al. 2012 | J2: Default when hosting region is unknown
A3: United States | B3: 384 | C3: 350 | D3: 420 | E3: 1.8 | F3: 1 | G3: 3.1 | H3: 2024 | I3: Ember (2024 data); Macknick et al. operational consumption factors | J3: EWIF varies strongly by state (CAISO vs coal states)
A4: EU average | B4: 213 | C4: 190 | D4: 240 | E4: 1.9 | F4: 1 | G4: 3 | H4: 2024 | I4: Ember (2024 data)
A5: France | B5: 40 | C5: 20 | D5: 60 | E5: 2.4 | F5: 1.2 | G5: 3.6 | H5: 2024 | I5: Ember (2024 data) | J5: Nuclear-dominated grid: very low carbon; cooling-tower evaporation raises EWIF
A6: Germany | B6: 344 | C6: 300 | D6: 390 | E6: 1.6 | F6: 0.8 | G6: 2.4 | H6: 2024 | I6: Ember (2024 data)
A7: United Kingdom | B7: 124 | C7: 100 | D7: 150 | E7: 1.4 | F7: 0.7 | G7: 2.1 | H7: 2024 | I7: Ember (2024 data)
A8: Ireland | B8: 280 | C8: 240 | D8: 330 | E8: 1.3 | F8: 0.7 | G8: 2 | H8: 2024 | I8: Ember (2024 data) | J8: Major EU data-center hub
A9: Netherlands | B9: 240 | C9: 200 | D9: 290 | E9: 1.4 | F9: 0.7 | G9: 2.1 | H9: 2024 | I9: Ember (2024 data)
A10: Poland | B10: 620 | C10: 560 | D10: 680 | E10: 1.6 | F10: 0.8 | G10: 2.4 | H10: 2024 | I10: Ember (2024 data) | J10: Highest-carbon grid in the EU
A11: Sweden | B11: 30 | C11: 15 | D11: 45 | E11: 1.2 | F11: 0.6 | G11: 1.8 | H11: 2024 | I11: Ember (2024 data) | J11: Hydro + nuclear
A12: Norway | B12: 30 | C12: 15 | D12: 45 | E12: 1.1 | F12: 0.5 | G12: 1.7 | H12: 2024 | I12: Ember (2024 data) | J12: Hydro-dominated; reservoir-evaporation attribution excluded (contested)
A13: Canada | B13: 170 | C13: 130 | D13: 210 | E13: 1.5 | F13: 0.8 | G13: 2.3 | H13: 2024 | I13: Ember (2024 data) | J13: Hydro-heavy provinces far lower than average
A14: Brazil | B14: 96 | C14: 70 | D14: 130 | E14: 2.5 | F14: 1.2 | G14: 4 | H14: 2024 | I14: Ember (2024 data) | J14: Hydro reservoir evaporation attribution excluded (contested; would raise EWIF several-fold)
A15: China | B15: 534 | C15: 480 | D15: 590 | E15: 2.2 | F15: 1.1 | G15: 3.3 | H15: 2024 | I15: Ember (2024 data)
A16: India | B16: 708 | C16: 640 | D16: 780 | E16: 2.6 | F16: 1.3 | G16: 3.9 | H16: 2024 | I16: Ember (2024 data) | J16: Highest-carbon major grid
A17: Japan | B17: 485 | C17: 440 | D17: 530 | E17: 1.9 | F17: 1 | G17: 2.9 | H17: 2024 | I17: Ember (2024 data)
A18: South Korea | B18: 415 | C18: 370 | D18: 460 | E18: 1.9 | F18: 1 | G18: 2.9 | H18: 2024 | I18: Ember (2024 data)
A19: Singapore | B19: 470 | C19: 420 | D19: 520 | E19: 1.7 | F19: 0.9 | G19: 2.6 | H19: 2024 | I19: Ember (2024 data) | J19: Gas-dominated; major APAC data-center hub
A20: Australia | B20: 549 | C20: 490 | D20: 610 | E20: 2.3 | F20: 1.2 | G20: 3.5 | H20: 2024 | I20: Ember (2024 data)
A21: United Arab Emirates | B21: 430 | C21: 380 | D21: 490 | E21: 1.5 | F21: 0.8 | G21: 2.3 | H21: 2024 | I21: Ember (2024 data) | J21: Gas + growing solar/nuclear
A23: CI = location-based grid carbon intensity (annual average). EWIF = off-site electricity-water intensity factor. Source of truth: data/regions.csv.

Sheet Facility Profiles
A1: Facility profile | B1: PUE | C1: PUE low | D1: PUE high | E1: WUE (L/kWh) | F1: WUE low | G1: WUE high | H1: Source | I1: Notes
A2: Hyperscale (best-in-class) | B2: 1.09 | C2: 1.06 | D2: 1.15 | E2: 0.25 | F2: 0.1 | G2: 0.5 | H2: Google fleet trailing-twelve-month PUE 1.09-1.10; Meta fleet PUE ~1.09 / WUE ~0.20; operator sustainability reports | I2: Leading dedicated AI fleets; air/advanced cooling
A3: Hyperscale cloud (typical) | B3: 1.15 | C3: 1.1 | D3: 1.3 | E3: 1 | F3: 0.4 | G3: 1.8 | H3: Operator sustainability reports: Google fleet WUE ~1.0 L/kWh (2024); Microsoft design PUE 1.12 / WUE 0.49; AWS PUE ~1.15 | I3: Most commercial API serving lands here
A4: Colocation / enterprise (typical) | B4: 1.54 | C4: 1.35 | D4: 1.8 | E4: 1.8 | F4: 0.5 | G4: 2.5 | H4: Uptime Institute Global Data Center Survey 2025: industry average PUE 1.54 (stable six years) | I4: Typical rented rack / mid-size DC
A5: On-premises (legacy) | B5: 1.8 | C5: 1.5 | D5: 2.5 | E5: 1.8 | F5: 0.5 | G5: 3 | H5: Uptime Institute survey distributions (older, smaller facilities) | I5: Small server rooms often exceed PUE 2.0
A6: Unknown (API default) | B6: 1.2 | C6: 1.09 | D6: 1.54 | E6: 1 | F6: 0.2 | G6: 1.8 | H6: Weighted assumption: most commercial LLM serving runs in hyperscale facilities | I6: Default when the facility is unknown
A8: PUE multiplies IT energy into total facility energy. WUE is on-site cooling water per kWh of IT energy. Source of truth: data/facilities.csv.

Sheet Grading
A1: Task class | B1: Code | C1: Default tokens in | D1: Default tokens out | E1: A ≤ (Wh) | F1: B ≤ (Wh) | G1: C ≤ (Wh) | H1: D ≤ (Wh) | I1: E > (Wh) | J1: Description
A2: Light | B2: L | C2: 300 | D2: 80 | E2: 0.1 | F2: 0.3 | G2: 1 | H2: 3 | I2: 3 | J2: Classification, extraction, short chat, autocomplete
A3: Standard | B3: S | C3: 500 | D3: 300 | E3: 0.3 | F3: 1 | G3: 3 | H3: 10 | I3: 10 | J3: General assistant use, summarization, translation
A4: Heavy | B4: H | C4: 2000 | D4: 1000 | E4: 1 | F4: 3 | G4: 10 | H4: 30 | I4: 30 | J4: Long-form generation, RAG over large contexts, code generation
A5: Reasoning/agentic | B5: R | C5: 2000 | D5: 4000 | E5: 3 | F5: 10 | G5: 30 | H5: 100 | I5: 100 | J5: Extended thinking, multi-step agents, deep research (incl. hidden reasoning tokens)
A7: How the bands work (§5.2)
A8: Grades are assigned on CENTRAL-estimate energy per request (full-stack Wh) against FIXED, LOGARITHMIC (~×3 spacing), TASK-CONDITIONED bands.
A9: Fixed absolute bands — rather than percentile ranks — keep grades stable over time and auditable; the ~×3 spacing reflects the order-of-magnitude spreads observed in every benchmark study.
A10: Anchors: provider-disclosed medians (0.24–0.34 Wh/request) anchor grade A/B for class S; reasoning models measured at >30 Wh/request (Jegham et al.; AI Energy Score v2: reasoning ≈ 30× standard) anchor grade E.
A11: Requests are graded WITHIN their task class — comparing a reasoning-agent workload to an autocomplete query is meaningless.
A12: Carbon and water are REPORTED, not graded: they are dominated by region and facility (P3), which model choice cannot fix.
A13: Source of truth: data/grading.csv.

Sheet Mitigation
A1: Rank | B1: Lever | C1: Who controls it | D1: Measured effect | E1: Evidence
A2: 1 | B2: Right-size the model (route each task to the smallest adequate model) | C2: User | D2: 10-70x energy difference between frontier-reasoning and small efficient models on identical prompts | E2: Jegham et al. arXiv:2505.09598 (o3 vs GPT-4.1 nano >70x); AI Energy Score leaderboard spreads
A3: 2 | B3: Cap reasoning/thinking budgets on bounded tasks | C3: User | D3: Reasoning modes average ~30x the energy of standard generation; explicit budgets recover most of it | E3: AI Energy Score v2 (2025); Jegham et al. arXiv:2505.09598 (o3: 21.4 Wh/medium, >33 Wh/long prompt)
A4: 3 | B4: Choose low-carbon hosting regions | C4: User/Provider | D4: Grid carbon intensity spans ~20x across the regions in this table (30-40 gCO2e/kWh hydro/nuclear grids vs 600-750 coal-heavy) | E4: Ember Global Electricity Review (2024 data); data/regions.csv
A5: 4 | B5: Bound output length; prompt and token discipline | C5: User | D5: Per-request energy is approximately linear in output tokens; halving median output roughly halves energy | E5: Physics of autoregressive decoding; Luccioni et al. FAccT 2024
A6: 5 | B6: Cache repeated context and responses | C6: User | D6: Removes prefill recomputation for cached input tokens; the saving equals your measured hit rate applied to the input share of the request (§4.1) | E6: Provider prompt-caching documentation; modelled explicitly in GAIA's cached-input term
A7: 6 | B7: Prefer sparse (mixture-of-experts) serving at equal capability | C7: User/Provider | D7: Per-token energy scales with ACTIVE, not total, parameters: current frontier open-weight models activate 13-104B of 0.3-2.8T, serving at a fraction of a dense model of the same total size | E7: FRAMEWORK.md 4.5 Tier-4 model; published active-parameter counts in data/models.csv
A8: 7 | B8: Batch requests / schedule flexible jobs off-peak | C8: User | D8: Improves serving utilisation; single-digit to low-double-digit % energy; larger carbon effect via diurnal grid variation | E8: Serving-systems literature; grid CI diurnal data
A9: 8 | B9: Meter an open-weight deployment (move the row from T4 to T1) | C9: User | D9: Does not reduce energy: it reduces UNCERTAINTY, from a modelled x/divide-3 band to a measured x/divide-1.15 band — roughly a fourfold narrowing, achievable in an afternoon | E9: GAIA principles P1/P2 and 4.8; CodeCarbon / nvidia-smi plus host power
A10: 9 | B10: Prefer providers that disclose measured footprints | C10: User | D10: Converts Tier-4 guesses into Tier-2 data (halves the interval) and creates market pressure for transparency; only two providers currently publish full-stack or audited figures | E10: Google arXiv:2508.15734; Mistral AI environmental report (2025); GAIA principle P1
A11: 10 | B11: Adopt newer accelerator generations | C11: Provider | D11: ~24% lower embodied carbon per FLOP (B200 vs H100) and higher FLOPs/J in serving; a disclosure ask for vendor management, not a user action | E11: NVIDIA HGX embodied-carbon disclosures
B13: Evidence-ranked levers: every effect size is a measured number with a citation — 'up to' marketing numbers are banned (§6). Provider-side levers (PUE, clean-power procurement, WUE) belong in vendor management as disclosure asks, not user actions. Source of truth: data/mitigation.csv.

Sheet Scenario Compare
B1: Scenario Compare — four options, one workload
B2: Edit the yellow cells. Every column runs the same §4 equations as the Assessment sheet. Column C is the baseline; D–F report their difference against it.
B4: Row | C4: Baseline | D4: Option B | E4: Option C | F4: Option D | G4: Notes
B5: 1 · Model | C5: GPT-6 Astra | D5: Llama 3.2 1B | E5: GPT-6 Astra | F5: Llama 3.2 1B | G5: Dropdown — provenance in 'Model Database'
B6: 2 · Task class | C6: Standard | D6: Standard | E6: Standard | F6: Standard | G6: Sets the grade bands used in row 26
B7: 3 · Tokens in / request | C7: 500 | D7: 500 | E7: 500 | F7: 500
B8: 4 · Tokens out / request | C8: 300 | D8: 300 | E8: 300 | F8: 300
B9: 5 · Requests / month | C9: 10000 | D9: 10000 | E9: 10000 | F9: 10000
B10: 6 · Facility profile | C10: Unknown (API default) | D10: Unknown (API default) | E10: Hyperscale (best-in-class) | F10: Hyperscale (best-in-class)
B11: 7 · Hosting region | C11: Global average | D11: Global average | E11: Sweden | F11: Sweden
B12: 8 · Cached input share (0–1) | C12: 0 | D12: 0 | E12: 0 | F12: 0 | G12: Cache hits skip prefill (§4.1)
B13: 9 · Embodied adder | C13: 0.25 | D13: 0.25 | E13: 0.25 | F13: 0.25 | G13: Default 0.25; range 0.10–0.50 (§4.6)
B15: LOOKED-UP FACTORS (INDEX/MATCH against the data sheets)
B16: e_out — Wh / 1k output tokens | C16: =IFERROR(INDEX('Model Database'!$L$2:$L$136,MATCH(C5,'Model Database'!$A$2:$A$136,0)),"") | D16: =IFERROR(INDEX('Model Database'!$L$2:$L$136,MATCH(D5,'Model Database'!$A$2:$A$136,0)),"") | E16: =IFERROR(INDEX('Model Database'!$L$2:$L$136,MATCH(E5,'Model Database'!$A$2:$A$136,0)),"") | F16: =IFERROR(INDEX('Model Database'!$L$2:$L$136,MATCH(F5,'Model Database'!$A$2:$A$136,0)),"") | G16: models.csv, IT boundary
B17: Data tier | C17: =IFERROR(INDEX('Model Database'!$O$2:$O$136,MATCH(C5,'Model Database'!$A$2:$A$136,0)),"") | D17: =IFERROR(INDEX('Model Database'!$O$2:$O$136,MATCH(D5,'Model Database'!$A$2:$A$136,0)),"") | E17: =IFERROR(INDEX('Model Database'!$O$2:$O$136,MATCH(E5,'Model Database'!$A$2:$A$136,0)),"") | F17: =IFERROR(INDEX('Model Database'!$O$2:$O$136,MATCH(F5,'Model Database'!$A$2:$A$136,0)),"") | G17: T1 measured … T4 modelled
B18: PUE | C18: =IFERROR(INDEX('Facility Profiles'!$B$2:$B$6,MATCH(C10,'Facility Profiles'!$A$2:$A$6,0)),"") | D18: =IFERROR(INDEX('Facility Profiles'!$B$2:$B$6,MATCH(D10,'Facility Profiles'!$A$2:$A$6,0)),"") | E18: =IFERROR(INDEX('Facility Profiles'!$B$2:$B$6,MATCH(E10,'Facility Profiles'!$A$2:$A$6,0)),"") | F18: =IFERROR(INDEX('Facility Profiles'!$B$2:$B$6,MATCH(F10,'Facility Profiles'!$A$2:$A$6,0)),"") | G18: facilities.csv
B19: WUE (L/kWh IT) | C19: =IFERROR(INDEX('Facility Profiles'!$E$2:$E$6,MATCH(C10,'Facility Profiles'!$A$2:$A$6,0)),"") | D19: =IFERROR(INDEX('Facility Profiles'!$E$2:$E$6,MATCH(D10,'Facility Profiles'!$A$2:$A$6,0)),"") | E19: =IFERROR(INDEX('Facility Profiles'!$E$2:$E$6,MATCH(E10,'Facility Profiles'!$A$2:$A$6,0)),"") | F19: =IFERROR(INDEX('Facility Profiles'!$E$2:$E$6,MATCH(F10,'Facility Profiles'!$A$2:$A$6,0)),"") | G19: facilities.csv
B20: Grid CI (g CO2e/kWh) | C20: =IFERROR(INDEX('Region Factors'!$B$2:$B$21,MATCH(C11,'Region Factors'!$A$2:$A$21,0)),"") | D20: =IFERROR(INDEX('Region Factors'!$B$2:$B$21,MATCH(D11,'Region Factors'!$A$2:$A$21,0)),"") | E20: =IFERROR(INDEX('Region Factors'!$B$2:$B$21,MATCH(E11,'Region Factors'!$A$2:$A$21,0)),"") | F20: =IFERROR(INDEX('Region Factors'!$B$2:$B$21,MATCH(F11,'Region Factors'!$A$2:$A$21,0)),"") | G20: regions.csv, location-based
B21: EWIF (L/kWh) | C21: =IFERROR(INDEX('Region Factors'!$E$2:$E$21,MATCH(C11,'Region Factors'!$A$2:$A$21,0)),"") | D21: =IFERROR(INDEX('Region Factors'!$E$2:$E$21,MATCH(D11,'Region Factors'!$A$2:$A$21,0)),"") | E21: =IFERROR(INDEX('Region Factors'!$E$2:$E$21,MATCH(E11,'Region Factors'!$A$2:$A$21,0)),"") | F21: =IFERROR(INDEX('Region Factors'!$E$2:$E$21,MATCH(F11,'Region Factors'!$A$2:$A$21,0)),"") | G21: regions.csv, off-site water
B23: RESULTS — central estimates (§4)
B24: Energy per request (Wh) | C24: =IFERROR(C16*(C8+C7*(1-C12)/10)/1000*C18,"") | D24: =IFERROR(D16*(D8+D7*(1-D12)/10)/1000*D18,"") | E24: =IFERROR(E16*(E8+E7*(1-E12)/10)/1000*E18,"") | F24: =IFERROR(F16*(F8+F7*(1-F12)/10)/1000*F18,"") | G24: E_IT × PUE; E_IT = e_out × (T_out + T_in × (1 − c) / 10) / 1000
B25: Energy per month (kWh) | C25: =IFERROR(C24*C9/1000,"") | D25: =IFERROR(D24*D9/1000,"") | E25: =IFERROR(E24*E9/1000,"") | F25: =IFERROR(F24*F9/1000,"")
B26: Carbon — location-based (kg CO2e/mo) | C26: =IFERROR(C25*C20/1000,"") | D26: =IFERROR(D25*D20/1000,"") | E26: =IFERROR(E25*E20/1000,"") | F26: =IFERROR(F25*F20/1000,"")
B27: Embodied carbon (kg CO2e/mo) | C27: =IFERROR(C26*C13,"") | D27: =IFERROR(D26*D13,"") | E27: =IFERROR(E26*E13,"") | F27: =IFERROR(F26*F13,"")
B28: Water (L/mo) | C28: =IFERROR(C16*(C8+C7*(1-C12)/10)/1000*C9/1000*C19+C25*C21,"") | D28: =IFERROR(D16*(D8+D7*(1-D12)/10)/1000*D9/1000*D19+D25*D21,"") | E28: =IFERROR(E16*(E8+E7*(1-E12)/10)/1000*E9/1000*E19+E25*E21,"") | F28: =IFERROR(F16*(F8+F7*(1-F12)/10)/1000*F9/1000*F19+F25*F21,"") | G28: on-site (IT energy × WUE) + off-site (total energy × EWIF)
B30: Efficiency grade | C30: =IF(OR(C24="",C6=""),"",IF(C24<=INDEX(Grading!$E$2:$E$5,MATCH(C6,Grading!$A$2:$A$5,0)),"A",IF(C24<=INDEX(Grading!$F$2:$F$5,MATCH(C6,Grading!$A$2:$A$5,0)),"B",IF(C24<=INDEX(Grading!$G$2:$G$5,MATCH(C6,Grading!$A$2:$A$5,0)),"C",IF(C24<=INDEX(Grading!$H$2:$H$5,MATCH(C6,Grading!$A$2:$A$5,0)),"D","E"))))) | D30: =IF(OR(D24="",D6=""),"",IF(D24<=INDEX(Grading!$E$2:$E$5,MATCH(D6,Grading!$A$2:$A$5,0)),"A",IF(D24<=INDEX(Grading!$F$2:$F$5,MATCH(D6,Grading!$A$2:$A$5,0)),"B",IF(D24<=INDEX(Grading!$G$2:$G$5,MATCH(D6,Grading!$A$2:$A$5,0)),"C",IF(D24<=INDEX(Grading!$H$2:$H$5,MATCH(D6,Grading!$A$2:$A$5,0)),"D","E"))))) | E30: =IF(OR(E24="",E6=""),"",IF(E24<=INDEX(Grading!$E$2:$E$5,MATCH(E6,Grading!$A$2:$A$5,0)),"A",IF(E24<=INDEX(Grading!$F$2:$F$5,MATCH(E6,Grading!$A$2:$A$5,0)),"B",IF(E24<=INDEX(Grading!$G$2:$G$5,MATCH(E6,Grading!$A$2:$A$5,0)),"C",IF(E24<=INDEX(Grading!$H$2:$H$5,MATCH(E6,Grading!$A$2:$A$5,0)),"D","E"))))) | F30: =IF(OR(F24="",F6=""),"",IF(F24<=INDEX(Grading!$E$2:$E$5,MATCH(F6,Grading!$A$2:$A$5,0)),"A",IF(F24<=INDEX(Grading!$F$2:$F$5,MATCH(F6,Grading!$A$2:$A$5,0)),"B",IF(F24<=INDEX(Grading!$G$2:$G$5,MATCH(F6,Grading!$A$2:$A$5,0)),"C",IF(F24<=INDEX(Grading!$H$2:$H$5,MATCH(F6,Grading!$A$2:$A$5,0)),"D","E"))))) | G30: Central Wh/request vs the task class's bands (§5.2)
B31: Carbon vs baseline | C31: ="baseline" | D31: =IF(OR($C$26="",$C$26=0),"—",IFERROR(D26/$C$26-1,"")) | E31: =IF(OR($C$26="",$C$26=0),"—",IFERROR(E26/$C$26-1,"")) | F31: =IF(OR($C$26="",$C$26=0),"—",IFERROR(F26/$C$26-1,"")) | G31: Negative = lower than column C
B33: Only the differences between columns are meaningful here: the absolute values carry the same tier-driven uncertainty as everywhere else in GAIA (see the Assessment sheet for low/central/high). Comparing a T4 row against a T2 row compares an estimate against a measurement — the tier row above says which is which.

Sheet Usage Log
A1: Usage Log — monthly tracking template
A2: Enter Month, Model, Queries and average tokens; kWh / kg / L are computed with the same §4 engine math, using the CURRENT Assessment facility and region selections (PUE, WUE, CI, EWIF from the Engine sheet). Central estimates only.
A3: Month | B3: Model | C3: Queries | D3: Tokens in avg | E3: Tokens out avg | F3: e_out (Wh/1k out) | G3: Wh / request | H3: Energy (kWh) | I3: Carbon loc. (kg CO2e) | J3: Water (L)
A4: EXAMPLE — overwrite | B4: GPT-4o | C4: 1000 | D4: 500 | E4: 300 | F4: =IF($B4="","",IFERROR(INDEX('Model Database'!$E$2:$E$136,MATCH($B4,'Model Database'!$A$2:$A$136,0)),"")) | G4: =IF(OR($F4="",$D4="",$E4=""),"",$F4*($E4+$D4/10)/1000*Engine!$B$26) | H4: =IF(OR($G4="",$C4=""),"",$G4*$C4/1000) | I4: =IF($H4="","",$H4*Engine!$B$28/1000) | J4: =IF(OR($H4="",$C4=""),"",($F4*($E4+$D4/10)/1000*$C4/1000)*Engine!$B$27+$H4*Engine!$B$29)
F5: =IF($B5="","",IFERROR(INDEX('Model Database'!$E$2:$E$136,MATCH($B5,'Model Database'!$A$2:$A$136,0)),"")) | G5: =IF(OR($F5="",$D5="",$E5=""),"",$F5*($E5+$D5/10)/1000*Engine!$B$26) | H5: =IF(OR($G5="",$C5=""),"",$G5*$C5/1000) | I5: =IF($H5="","",$H5*Engine!$B$28/1000) | J5: =IF(OR($H5="",$C5=""),"",($F5*($E5+$D5/10)/1000*$C5/1000)*Engine!$B$27+$H5*Engine!$B$29)
F6: =IF($B6="","",IFERROR(INDEX('Model Database'!$E$2:$E$136,MATCH($B6,'Model Database'!$A$2:$A$136,0)),"")) | G6: =IF(OR($F6="",$D6="",$E6=""),"",$F6*($E6+$D6/10)/1000*Engine!$B$26) | H6: =IF(OR($G6="",$C6=""),"",$G6*$C6/1000) | I6: =IF($H6="","",$H6*Engine!$B$28/1000) | J6: =IF(OR($H6="",$C6=""),"",($F6*($E6+$D6/10)/1000*$C6/1000)*Engine!$B$27+$H6*Engine!$B$29)
F7: =IF($B7="","",IFERROR(INDEX('Model Database'!$E$2:$E$136,MATCH($B7,'Model Database'!$A$2:$A$136,0)),"")) | G7: =IF(OR($F7="",$D7="",$E7=""),"",$F7*($E7+$D7/10)/1000*Engine!$B$26) | H7: =IF(OR($G7="",$C7=""),"",$G7*$C7/1000) | I7: =IF($H7="","",$H7*Engine!$B$28/1000) | J7: =IF(OR($H7="",$C7=""),"",($F7*($E7+$D7/10)/1000*$C7/1000)*Engine!$B$27+$H7*Engine!$B$29)
F8: =IF($B8="","",IFERROR(INDEX('Model Database'!$E$2:$E$136,MATCH($B8,'Model Database'!$A$2:$A$136,0)),"")) | G8: =IF(OR($F8="",$D8="",$E8=""),"",$F8*($E8+$D8/10)/1000*Engine!$B$26) | H8: =IF(OR($G8="",$C8=""),"",$G8*$C8/1000) | I8: =IF($H8="","",$H8*Engine!$B$28/1000) | J8: =IF(OR($H8="",$C8=""),"",($F8*($E8+$D8/10)/1000*$C8/1000)*Engine!$B$27+$H8*Engine!$B$29)
F9: =IF($B9="","",IFERROR(INDEX('Model Database'!$E$2:$E$136,MATCH($B9,'Model Database'!$A$2:$A$136,0)),"")) | G9: =IF(OR($F9="",$D9="",$E9=""),"",$F9*($E9+$D9/10)/1000*Engine!$B$26) | H9: =IF(OR($G9="",$C9=""),"",$G9*$C9/1000) | I9: =IF($H9="","",$H9*Engine!$B$28/1000) | J9: =IF(OR($H9="",$C9=""),"",($F9*($E9+$D9/10)/1000*$C9/1000)*Engine!$B$27+$H9*Engine!$B$29)
F10: =IF($B10="","",IFERROR(INDEX('Model Database'!$E$2:$E$136,MATCH($B10,'Model Database'!$A$2:$A$136,0)),"")) | G10: =IF(OR($F10="",$D10="",$E10=""),"",$F10*($E10+$D10/10)/1000*Engine!$B$26) | H10: =IF(OR($G10="",$C10=""),"",$G10*$C10/1000) | I10: =IF($H10="","",$H10*Engine!$B$28/1000) | J10: =IF(OR($H10="",$C10=""),"",($F10*($E10+$D10/10)/1000*$C10/1000)*Engine!$B$27+$H10*Engine!$B$29)
F11: =IF($B11="","",IFERROR(INDEX('Model Database'!$E$2:$E$136,MATCH($B11,'Model Database'!$A$2:$A$136,0)),"")) | G11: =IF(OR($F11="",$D11="",$E11=""),"",$F11*($E11+$D11/10)/1000*Engine!$B$26) | H11: =IF(OR($G11="",$C11=""),"",$G11*$C11/1000) | I11: =IF($H11="","",$H11*Engine!$B$28/1000) | J11: =IF(OR($H11="",$C11=""),"",($F11*($E11+$D11/10)/1000*$C11/1000)*Engine!$B$27+$H11*Engine!$B$29)
F12: =IF($B12="","",IFERROR(INDEX('Model Database'!$E$2:$E$136,MATCH($B12,'Model Database'!$A$2:$A$136,0)),"")) | G12: =IF(OR($F12="",$D12="",$E12=""),"",$F12*($E12+$D12/10)/1000*Engine!$B$26) | H12: =IF(OR($G12="",$C12=""),"",$G12*$C12/1000) | I12: =IF($H12="","",$H12*Engine!$B$28/1000) | J12: =IF(OR($H12="",$C12=""),"",($F12*($E12+$D12/10)/1000*$C12/1000)*Engine!$B$27+$H12*Engine!$B$29)
F13: =IF($B13="","",IFERROR(INDEX('Model Database'!$E$2:$E$136,MATCH($B13,'Model Database'!$A$2:$A$136,0)),"")) | G13: =IF(OR($F13="",$D13="",$E13=""),"",$F13*($E13+$D13/10)/1000*Engine!$B$26) | H13: =IF(OR($G13="",$C13=""),"",$G13*$C13/1000) | I13: =IF($H13="","",$H13*Engine!$B$28/1000) | J13: =IF(OR($H13="",$C13=""),"",($F13*($E13+$D13/10)/1000*$C13/1000)*Engine!$B$27+$H13*Engine!$B$29)
F14: =IF($B14="","",IFERROR(INDEX('Model Database'!$E$2:$E$136,MATCH($B14,'Model Database'!$A$2:$A$136,0)),"")) | G14: =IF(OR($F14="",$D14="",$E14=""),"",$F14*($E14+$D14/10)/1000*Engine!$B$26) | H14: =IF(OR($G14="",$C14=""),"",$G14*$C14/1000) | I14: =IF($H14="","",$H14*Engine!$B$28/1000) | J14: =IF(OR($H14="",$C14=""),"",($F14*($E14+$D14/10)/1000*$C14/1000)*Engine!$B$27+$H14*Engine!$B$29)
F15: =IF($B15="","",IFERROR(INDEX('Model Database'!$E$2:$E$136,MATCH($B15,'Model Database'!$A$2:$A$136,0)),"")) | G15: =IF(OR($F15="",$D15="",$E15=""),"",$F15*($E15+$D15/10)/1000*Engine!$B$26) | H15: =IF(OR($G15="",$C15=""),"",$G15*$C15/1000) | I15: =IF($H15="","",$H15*Engine!$B$28/1000) | J15: =IF(OR($H15="",$C15=""),"",($F15*($E15+$D15/10)/1000*$C15/1000)*Engine!$B$27+$H15*Engine!$B$29)
F16: =IF($B16="","",IFERROR(INDEX('Model Database'!$E$2:$E$136,MATCH($B16,'Model Database'!$A$2:$A$136,0)),"")) | G16: =IF(OR($F16="",$D16="",$E16=""),"",$F16*($E16+$D16/10)/1000*Engine!$B$26) | H16: =IF(OR($G16="",$C16=""),"",$G16*$C16/1000) | I16: =IF($H16="","",$H16*Engine!$B$28/1000) | J16: =IF(OR($H16="",$C16=""),"",($F16*($E16+$D16/10)/1000*$C16/1000)*Engine!$B$27+$H16*Engine!$B$29)
A17: TOTAL (12 template rows; example row excluded) | H17: =SUM(H5:H16) | I17: =SUM(I5:I16) | J17: =SUM(J5:J16)

Sheet Methodology & Sources
B1: Methodology & Sources
B2: The §4 equations as implemented in this workbook, the data-quality tier ladder, the system boundary, limitations, and the full source list. Authoritative text: FRAMEWORK.md.
B4: Equations (FRAMEWORK.md §4) — exactly as computed on the Engine sheet
B5: E_IT_request [Wh] = e_out × (T_out + T_in × (1 − c) / 10) / 1000
B6: e_out = model energy per 1000 output tokens at the IT boundary (accelerator + host + idle; the serving-stack multiplier S ≈ 1.7 is ALREADY INCLUDED in the Model Database values). Input tokens cost ≈ 1/10 of output tokens (k = 10, §4.1).
B7: c = cached input share. A prompt-cache hit reuses a computed prefix, so those input tokens are never prefilled again and carry no energy. Output tokens are NEVER cached — generation is autoregressive and is recomputed every time. Use your measured hit rate, not a target; default 0 (§4.1).
B8: E_request [Wh] = E_IT_request × PUE (facility overhead, §4.1)
B9: E_month [kWh] = E_request × Q_month / 1000 (§4.2)
B10: C_op(location) = E_month × CI_location / 1000 [kg CO2e] (§4.3)
B11: C_op(market) = E_month × CI_market / 1000 — only when a market CI is supplied; otherwise 'not provided'. Never blended (P6).
B12: C_embodied = C_op(location) × embodied_adder (default 0.25, range 0.10–0.50, §4.6)
B13: W_month [L] = E_IT_month × WUE_site + E_month × EWIF_region (two-path water, §4.4)
... B16: Data-quality tiers (§4.5) — the provenance ladder
B17: Tier | C17: Basis | D17: Uncertainty band (central ×/÷) | E17: Example
B18: T1 Measured | C18: Direct metering of your deployment (CodeCarbon, nvidia-smi + host power) | D18: 1.15 | E18: Self-hosted Llama with power logging
B19: T2 Disclosed | C19: Provider-published full-stack measurement with stated boundary | D19: 1.5 | E19: Google Gemini 0.24 Wh/median prompt; Mistral Large 2 LCA
B20: T3 Benchmarked | C20: Independent standardized benchmark (GPU-only, needs S) | D20: 2 | E20: AI Energy Score; Jegham et al. API benchmarks
B21: T4 Modelled | C21: Parameter-count physics model on ACTIVE parameters (FLOPs → J via hardware efficiency) | D21: 3 | E21: EcoLogits-style estimate for an undisclosed model
B22: The tier band is the default MINIMUM width: low = central ÷ band, high = central × band; a model row may carry wider bounds where sources disagree (documented in its basis column) — the stored wh_low/wh_high are authoritative. Downstream results scale by the energy bounds (energy-dominated); factor uncertainty (CI, PUE, WUE, EWIF) adds beyond the displayed band and is disclosed in the factor sheets.
B24: System boundary (§2)
B25: In scope: accelerator energy for inference; host CPU/DRAM/storage/idle (serving-stack multiplier); data-center overhead (PUE); grid carbon (location- and market-based CI); on-site cooling water + off-site electricity-generation water; embodied emissions of serving hardware (amortized adder); amortized training footprint (optional, OFF by default — it belongs to the provider's inventory under GHG Protocol logic).
B26: Out of scope (documented per ISO 14044 cut-off rules): end-user devices, network transmission (typically <5% of a generative-AI request's footprint), data-center construction, end-of-life — a truncation that understates the true total by an estimated 5–15%.
B28: Known limitations (§10, stated per P2)
B29: • Closed providers do not disclose per-model serving data; most model rows are T3/T4 with wide bounds. GAIA makes the opacity itself visible — that is the point of the tier column.
B30: • Benchmarks measure specific hardware/serving configurations; production fleets differ (batching, quantization, speculative decoding can shift per-token energy several-fold in either direction).
B31: • Annual-average grid CI ignores hourly variation; marginal-emissions accounting is out of scope for v2.0.
B32: • Water data is the weakest link: EWIF varies by basin and season, and water STRESS context matters as much as volume. GAIA reports volume and flags stress-region hosting qualitatively.
B33: • Rebound effects (efficiency → more usage) are real and unmodeled; the frugality flag is the partial control.
B35: Foundational sources (§11)
B36: Measurement & disclosure:
... B52: Ember 'Global Electricity Review' (2025, 2024 data) · IEA 'Electricity 2025' / 'Energy & AI' (2025) · Uptime Institute 'Global Data Center Survey' (2025) · operator sustainability reports (Google, Microsoft, Meta, AWS)

Sheet Framework Comparison
A1: Framework | B1: Organisation | C1: Type | D1: What it does | E1: Relation to GAIA
A2: SCI — ISO/IEC 21031:2024 | B2: Green Software Foundation / ISO | C2: Standard (rate) | D2: SCI = (E×I + M)/R per functional unit | E2: GAIA computes exactly E, I, M and R; any GAIA result restates as an SCI score (energy → E, location CI → I, embodied → M, functional unit → R)
A3: SCI for AI | B3: Green Software Foundation | C3: Standard extension | D3: SCI adapted to the AI lifecycle, including the training/inference split | E3: GAIA's Assess module is an implementation; GAIA adds water, grading, frugality and the decision layer SCI deliberately leaves out
A4: AI Energy Score | B4: Hugging Face, Salesforce, Cohere, Carnegie Mellon | C4: Benchmark + rating | D4: Standardized GPU-energy benchmark on fixed hardware, with star ratings per task | E4: Consumed as T3 data after the serving-stack correction; GAIA grades your deployment, not the bare model
A5: ML.ENERGY Leaderboard | B5: University of Michigan | C5: Benchmark | D5: Open, reproducible per-request energy measurements for open-weight models | E5: A second independent T3 source; especially valuable for the open-weight rows GAIA cannot otherwise measure
A6: EcoLogits | B6: GenAI Impact | C6: Software library | D6: ISO-14044-based per-request estimates for API models | E6: Peer methodology for GAIA's T4 estimates; GAIA is spreadsheet-first and adds the organizational workflow
A7: CodeCarbon / Green Algorithms | B7: Open source / academic | C7: Measurement tools | D7: Meter or estimate compute energy and carbon during execution | E7: GAIA's T1 data source — the recommended path for any self-hosted or open-weight deployment
A8: AFNOR SPEC 2314 — Frugal AI | B8: AFNOR | C8: Reference framework | D8: Lifecycle methodology, best practices, and the imperative to question the need | E8: GAIA's fit-for-purpose check descends from it; GAIA adds quantitative grading and uncertainty tiers
A9: ITU-T L.1410 / ISO 14040-44 | B9: ITU / ISO | C9: LCA standards | D9: Boundary and allocation rules for ICT life-cycle assessment | E9: Govern GAIA's boundary declarations and cut-off disclosures
A10: GHG Protocol — Scope 2 guidance | B10: WRI / WBCSD | C10: Accounting standard | D10: Corporate inventories with dual location- and market-based reporting | E10: GAIA totals feed Scope 2/3 line items; dual reporting (P6) is inherited from it
A11: LLMCarbon | B11: Academic (ICLR) | C11: Predictive model | D11: End-to-end carbon prediction across training, inference and embodied hardware | E11: Basis for GAIA's optional training-attribution adder
A12: EU AI Act — Art. 53, Annex XI | B12: European Commission | C12: Regulation | D12: Energy-documentation duties for general-purpose AI model providers | E12: GAIA's disclosure template is structured so provider-side answers slot straight in as T2 data
... A15: Boavizta / Datavizta | B15: Boavizta | C15: Open database + calculator | D15: Manufacturing and use-phase impacts of IT hardware, including servers and accelerators | E15: Source for GAIA's embodied-carbon anchors; GAIA amortises them into a per-request adder
A17: What none of these provides — and GAIA does — is the combination of: (a) uncertainty-tiered estimates usable WITHOUT provider cooperation, (b) water alongside carbon, (c) task-conditioned grading of deployments, (d) an explicit frugality check, and (e) an Excel artifact a non-programmer can run. (FRAMEWORK.md §7). Source of truth: data/frameworks.csv.
A19: STANDARDS GAIA IMPLEMENTS OR MAPS ONTO
A20: Standard | B20: Role in GAIA
A21: ISO/IEC 21031:2024 — Software Carbon Intensity (SCI) | B21: the carbon-rate-per-functional-unit specification; every GAIA result restates as an SCI score (E, I, M, R map one-to-one).
A22: SCI for AI (Green Software Foundation) | B22: the AI extension of SCI; GAIA's Assess module is an implementation of it.
A23: ISO 14040 / 14044 | B23: life-cycle assessment principles governing GAIA's system boundary and cut-off declarations.
A24: ISO/IEC TR 20226:2025 | B24: environmental sustainability aspects of AI systems; GAIA implements its metric categories in runnable form.
A25: ITU-T L.1410 | B25: ICT-sector LCA boundary and allocation rules that GAIA's scope declarations follow.
A26: ITU-T L.1801 | B26: guidelines for assessing the environmental impact of AI systems; GAIA is the no-code instrument that executes them.
A27: AFNOR SPEC 2314 — Frugal AI | B27: source of the necessity / right-sizing / token-discipline frugality check ("question the need").
A28: GHG Protocol — Scope 2 Guidance | B28: dual location- and market-based carbon reporting, never blended; GAIA totals feed Scope 2/3 inventory line items.
A29: EU AI Act — Art. 53 and Annex XI | B29: energy-documentation duties for general-purpose AI providers; GAIA's disclosure template is structured so provider answers slot in.
A30: EU Energy Efficiency Directive — data-centre reporting | B30: facility-level PUE and WUE reporting that makes GAIA's facility profiles verifiable for EU-hosted workloads.

Sheet SDG & Reporting Map
A1: Framework | B1: Element | C1: What it asks | D1: GAIA output that populates it
A2: UN SDG 6 — Clean water and sanitation | B2: Target 6.4 | C2: Substantially increase water-use efficiency across all sectors | D2: Water intensity per functional unit (L/request, L/1M tokens) from the two-path model; trend across periods in the Usage Log
A3: UN SDG 7 — Affordable and clean energy | B3: Target 7.3 | C3: Double the global rate of improvement in energy efficiency | D3: The A–E grade is an energy-intensity rating per task class; Module A' intensity-reduction targets track 7.3 directly
A4: UN SDG 7 — Affordable and clean energy | B4: Target 7.2 | C4: Increase the share of renewable energy | D4: Market-based CI input and the low-carbon-region lever document the renewable share of AI electricity
A5: UN SDG 8 — Decent work and economic growth | B5: Target 8.4 | C5: Improve resource efficiency; decouple growth from environmental degradation | D5: Rates-before-totals (P4): footprint per task outcome (R4) is a decoupling metric — AI output vs. resources consumed
A6: UN SDG 9 — Industry innovation and infrastructure | B6: Target 9.4 | C6: Upgrade infrastructure for sustainability and resource-use efficiency | D6: Mitigation levers 1, 2, 8 (right-sizing, reasoning budgets, newer accelerators) with measured effect sizes
A7: UN SDG 12 — Responsible consumption and production | B7: Target 12.2 | C7: Sustainable management and efficient use of natural resources | D7: The full Ground→Assess inventory: an auditable account of energy and water consumed by AI use
A8: UN SDG 12 — Responsible consumption and production | B8: Target 12.6 | C8: Encourage companies to integrate sustainability information into reporting | D8: The GAIA disclosure template (FRAMEWORK.md §8), designed to feed GRI/ESRS/IFRS reports
A9: UN SDG 13 — Climate action | B9: Targets 13.2 / 13.3 | C9: Integrate climate measures into policies and planning; improve capacity | D9: Dual-reported carbon totals and intensities; evidence-ranked reduction plan; SCI/GHGP restatement
A10: GRI Standards | B10: GRI 302-1 | C10: Energy consumption within the organization | D10: Monthly kWh of self-hosted AI (E_month)
A11: GRI Standards | B11: GRI 302-2 | C11: Energy consumption outside the organization | D11: Monthly kWh of API/cloud AI use
A12: GRI Standards | B12: GRI 302-3 | C12: Energy intensity | D12: Wh per functional unit (R1–R4)
... A26: UN Global Compact | B26: Principles 7–9 | C26: Precaution, environmental responsibility, clean technology | D26: The GAIA report evidences Principle 7 (precautionary quantification) and 9 (diffusion of efficient technology via the lever catalogue)
A28: Boundary: GAIA measures the environmental COST of AI use; whether an AI application advances an SDG ('AI for Good') is out of scope — the same boundary ISO/IEC TR 20226:2025 draws. SDG claims in a conforming report must trace to the outputs listed here (P1: traceable or absent). Full capability matrix and gap analysis: COMPARISON.md in the repository.

Sheet Changelog
A1: Version | B1: Date | C1: Changes
A2: 2.2.0 | B2: 2026-09-16 | C2: GAIA 2.2 — models and interface release. The model database grows from 26 to 135 rows across 33 providers, 85 of them open-weight, with new columns for openness, licence, architecture, total and ACTIVE parameters, context window, release date and status. Tier-4 rows are DERIVED from active parameters (e_out = 2·N_active/(eta·u·3600)·S) and the derivation is recorded in each row's Basis; a test re-derives them and fails on drift. Closed models with no parameter disclosure use documented class anchors (§4.5) — two rows sharing an anchor means nothing published distinguishes them, not that they are equally efficient. NEW: cached input tokens enter the energy equation (input 10 on the Assessment sheet); a 'Scenario Compare' sheet puts four deployment options side by side; the mitigation catalogue grows to 10 levers, two of which reduce UNCERTAINTY rather than consumption and say so. Superseded models are kept with Status = legacy for year-on-year comparison. The web estimator is now generated from the same CSV tables as this workbook, and a cross-engine test checks that the reference, the JavaScript and these Excel formulas agree. Methodology additions are documented against P1–P7; see CHANGELOG.md.
A3: 2.1.0 | B3: 2026-07-06 | C3: GAIA 2.1 — comparability release. New 'SDG & Reporting Map' sheet maps GAIA outputs onto UN SDG targets (6.4, 7.2/7.3, 8.4, 9.4, 12.2/12.6, 13.2/13.3), GRI 302/303/305, ESRS E1/E3, IFRS S2, CDP, SBTi, EU AI Act Annex XI, and UN Global Compact Principles 7–9. Framework Comparison extended with ISO/IEC TR 20226:2025 and ITU-T L.1801 (02/2026). Full capability matrix and gap-analysis roadmap: COMPARISON.md. Methodology unchanged (minor version per §9).
A4: 2.0.0 | B4: 2026-06 | C4: GAIA 2.0 — full science-based rebuild. The v1 composite Environmental Score (dimensionally incoherent), Benefit Score (subjective weights) and 'Prohibited' decision matrix are REMOVED; replaced by task-conditioned A–E energy grades on fixed logarithmic bands, a frugality flag (F0/F1/F2+) reported beside the grade, and grade×flag guidance. Per-model water/carbon columns abolished (P3): the model database stores energy only, with source, vintage, tier and bounds; carbon and water are computed from separate sourced Region/Facility tables. Every result is low/central/high (P2); dual location/market carbon reporting (P6); embodied adder (§4.6); two-path water model (§4.4). The workbook is now GENERATED by build_workbook.py from data/*.csv — never hand-edited (§9). Full component-by-component audit of what was kept, rebuilt, and removed: see DECISIONS.md in the repository.
C6: Versioning is semantic (§9): factor-table refreshes bump the minor version; methodology changes bump the major version and require a documented rationale against P1–P7. Errors are fixed in the data tables with a changelog entry, never silently.
