Workbook

Sheet Dashboard
A1: GREEN AI IMPACT ASSESSMENT DASHBOARD
A3: Current Assessment Summary | G3: Model Efficiency Comparison
A5: Active Model: | B5: ='AI Impact Assessment'!B5 -> o3 | D5: Efficiency Grade: | E5: ='AI Impact Assessment'!G31 -> F
A6: Monthly Queries: | B6: ='AI Impact Assessment'!B12 -> 10000 | D6: Monthly Carbon (kg): | E6: ='AI Impact Assessment'!C26 -> 75.55
A7: Environmental Score: | B7: ='AI Impact Assessment'!C31 -> 100 | D7: Monthly Water (L): | E7: =('AI Impact Assessment'!C25)*1000 -> 760
A8: Benefit Score: | B8: ='AI Impact Assessment'!C32 -> 71 | D8: Monthly Energy (kWh): | E8: ='AI Impact Assessment'!C24 -> 214.14
A11: Quick Actions & Alerts
A13: Alert Level: | B13: =IF(B7>70,"⚠️ HIGH",IF(B7>50,"⚡ MEDIUM","✅ LOW")) -> ⚠️ HIGH
A14: Recommended Action: | B14: =IF(B7>70,"Switch to efficient model immediately",IF(B7>50,"Implement mitigation strategies","Continue with monitoring")) -> Switch to efficient model immediately
A15: Potential Savings: | B15: =IF(B5="DeepSeek-R1","Up to 90% reduction possible",IF(B7>50,"30-50% reduction achievable","Already optimized")) -> 30-50% reduction achievable
A18: Monthly Usage Trends

Sheet AI Impact Assessment
A1: GREEN AI IMPACT ASSESSMENT
A3: STEP 1: MODEL SELECTION | E3: STEP 3: BENEFIT ASSESSMENT
A5: Select AI Model: | B5: o3 | E5: Time Saved (hrs/month): | G5: 200
A6: Custom Model Name: | E6: Quality Improvement (%): | G6: 30
E7: Strategic Value (1-10): | G7: 8
A8: STEP 2: TASK DEFINITION | E8: Error Reduction (%): | G8: 25
E9: User Satisfaction (1-10): | G9: 7
A10: Task Type: | B10: Document Analysis
A11: Query Complexity: | B11: Medium
A12: Expected Monthly Queries: | B12: 10000
A13: Task Criticality: | B13: High
A14: Average Prompt Length: | B14: 1000
A16: ASSESSMENT RESULTS
A18: Environmental Impact | E18: Benefit Assessment
A19: Energy per Query (Wh): | C19: ='Calculation Engine'!D5 -> 21.414 | E19: Efficiency Score: | G19: ='Calculation Engine'!H5 -> 80
A20: Water per Query (L): | C20: ='Calculation Engine'!D6 -> 0.076 | E20: Quality Score: | G20: ='Calculation Engine'!H6 -> 55
A21: Carbon per Query (gCO2e): | C21: ='Calculation Engine'!D7 -> 7.555 | E21: Strategic Score: | G21: ='Calculation Engine'!H7 -> 75
A23: Monthly Total Impact
A24: Total Energy (kWh): | C24: ='Calculation Engine'!D10 -> 214.14 | D24: ='Calculation Engine'!E10 -> ≈ 1285 hours of LED lighting
A25: Total Water (kL): | C25: ='Calculation Engine'!D11 -> 0.76 | D25: ='Calculation Engine'!E11 -> ≈ 3040 cups of drinking water
A26: Total Carbon (kgCO2e): | C26: ='Calculation Engine'!D12 -> 75.55 | D26: ='Calculation Engine'!E12 -> ≈ Driving 302 km in a car
A29: FINAL ASSESSMENT
A31: Environmental Impact Score: | C31: ='Calculation Engine'!D15 -> 100 | E31: ECO-EFFICIENCY GRADE: | G31: ='Decision Matrix'!E10 -> F
A32: Benefit Score: | C32: ='Calculation Engine'!H15 -> 71 | E32: Recommendation: | G32: ='Decision Matrix'!F10 -> Prohibited

Sheet Calculation Engine
A1: CALCULATION ENGINE
A3: Input Parameters | D3: Per-Query Calculations | H3: Benefit Calculations
A5: Selected Model: | B5: =IF(LEN('AI Impact Assessment'!C6)>0,'AI Impact Assessment'!C6,'AI Impact Assessment'!B5) -> o3 | D5: =VLOOKUP(B5,'Reference Data'!A:C,2,FALSE)*IF(B7="Simple",0.5,IF(B7="Medium",1,2))*(B8/1000) -> 21.414 | E5: Wh | H5: =MIN(100,'AI Impact Assessment'!G5/10*4) -> 80 | I5: Efficiency
A6: Monthly Queries: | B6: ='AI Impact Assessment'!B12 -> 10000 | D6: =VLOOKUP(B5,'Reference Data'!A:D,3,FALSE)*IF(B7="Simple",0.5,IF(B7="Medium",1,2))*(B8/1000) -> 0.076 | E6: L | H6: =MIN(100,('AI Impact Assessment'!G6+'AI Impact Assessment'!G8)/2*2) -> 55 | I6: Quality
A7: Query Complexity: | B7: ='AI Impact Assessment'!B11 -> Medium | D7: =VLOOKUP(B5,'Reference Data'!A:E,4,FALSE)*IF(B7="Simple",0.5,IF(B7="Medium",1,2))*(B8/1000) -> 7.555 | E7: gCO2e | H7: =('AI Impact Assessment'!G7+'AI Impact Assessment'!G9)/2*10 -> 75 | I7: Strategic
A8: Prompt Length: | B8: ='AI Impact Assessment'!B14 -> 1000
D9: Monthly Totals
D10: =D5*B6/1000 -> 214.14 | E10: ="≈ "&ROUND(D10*6,0)&" hours of LED lighting" -> ≈ 1285 hours of LED lighting
D11: =D6*B6/1000 -> 0.76 | E11: ="≈ "&ROUND(D11*4000,0)&" cups of drinking water" -> ≈ 3040 cups of drinking water
D12: =D7*B6/1000 -> 75.55 | E12: ="≈ Driving "&ROUND(D12*4,0)&" km in a car" -> ≈ Driving 302 km in a car
D14: Final Scores | H14: Total Benefit
D15: =MIN(100,(D10/10+D11*50+D12*2)) -> 100 | E15: Environmental Impact Score | H15: =H5*0.4+H6*0.3+H7*0.3 -> 71 | I15: Benefit Score

Sheet Decision Matrix
A1: DECISION MATRIX
A3: Grading Criteria
A4: Grade | B4: Env Impact | C4: Benefit Score | D4: Color | E4: Recommendation | F4: Action Required
A5: A+ | B5: <20 | C5: >80 | D5: Dark Green | E5: Strongly Recommended | F5: Implement immediately
A6: A | B6: 20-35 | C6: 70-80 | D6: Green | E6: Recommended | F6: Proceed with standard monitoring
A7: B | B7: 35-50 | C7: 70-80 | D7: Light Green | E7: Recommended with monitoring | F7: Weekly impact review
A8: C | B8: 35-50 | C8: 50-70 | D8: Yellow | E8: Conditional approval | F8: Mitigation plan required
A9: D | B9: 50-70 | C9: 50-70 | D9: Orange | E9: Requires mitigation | F9: Immediate mitigation needed
A10: Current Assessment: | B10: ='Calculation Engine'!D15 -> 100 | C10: ='Calculation Engine'!H15 -> 71 | D10: Red | E10: =IF(B10<20,IF(C10>80,"A+",IF(C10>70,"A","B")),IF(B10<35,IF(C10>70,"A",IF(C10>60,"B","C")),IF(B10<50,IF(C10>70,"B",IF(C10>50,"C","D")),IF(B10<70,IF(C10>50,"D","E"),"F")))) -> F | F10: =VLOOKUP(E10,A5:F11,5,FALSE) -> Prohibited
A11: F | B11: >70 | C11: Any | D11: Dark Red | E11: Prohibited | F11: Use not permitted

Sheet Reference Data
A1: MODEL REFERENCE DATA | I1: ENVIRONMENTAL MULTIPLIERS
A2: Model | B2: Energy_Wh | C2: Water_L | D2: Carbon_gCO2e | E2: Provider | F2: Hardware | G2: Model_Size
A3: GPT-4.1 nano | B3: 0.271 | C3: 0.002 | D3: 0.096 | E3: OpenAI | F3: H200 | G3: Small | I3: Provider | J3: PUE | K3: WUE | L3: CIF
A4: GPT-4o mini | B4: 1.418 | C4: 0.005 | D4: 0.5 | E4: OpenAI | F4: A100 | G4: Medium | I4: OpenAI/Azure | J4: 1.12 | K4: 0.3 | L4: 0.353
A5: GPT-4o | B5: 1.214 | C5: 0.004 | D5: 0.428 | E5: OpenAI | F5: H100 | G5: Large | I5: Anthropic/AWS | J5: 1.14 | K5: 0.18 | L5: 0.385
A6: GPT-4 Turbo | B6: 6.758 | C6: 0.024 | D6: 2.382 | E6: OpenAI | F6: A100 | G6: Large | I6: Meta/AWS | J6: 1.14 | K6: 0.18 | L6: 0.385
A7: o1-mini | B7: 1.598 | C7: 0.006 | D7: 0.564 | E7: OpenAI | F7: H100 | G7: Medium | I7: DeepSeek | J7: 1.27 | K7: 1.2 | L7: 0.6
A8: o1 | B8: 12.1 | C8: 0.043 | D8: 4.269 | E8: OpenAI | F8: H100 | G8: Large
A9: o3-mini | B9: 2.447 | C9: 0.009 | D9: 0.863 | E9: OpenAI | F9: H100 | G9: Medium
A10: o3 | B10: 21.414 | C10: 0.076 | D10: 7.555 | E10: OpenAI | F10: H100 | G10: Large
A11: Claude-3.5 Haiku | B11: 0.5 | C11: 0.001 | D11: 0.193 | E11: Anthropic | F11: H100 | G11: Small
A12: Claude-3.5 Sonnet | B12: 2 | C12: 0.004 | D12: 0.77 | E12: Anthropic | F12: H100 | G12: Medium
A13: Claude-3.7 Sonnet | B13: 2.781 | C13: 0.006 | D13: 1.072 | E13: Anthropic | F13: H200 | G13: Large
A14: LLaMA-3.1-8B | B14: 0.329 | C14: 0.001 | D14: 0.127 | E14: Meta | F14: H100 | G14: Small
A15: LLaMA-3.1-70B | B15: 3.558 | C15: 0.007 | D15: 1.37 | E15: Meta | F15: H100 | G15: Medium
A16: LLaMA-3.1-405B | B16: 6.911 | C16: 0.014 | D16: 2.661 | E16: Meta | F16: H100 | G16: Large
A17: DeepSeek-V3 | B17: 9.129 | C17: 0.155 | D17: 5.477 | E17: DeepSeek | F17: H800 | G17: Large
A18: DeepSeek-R1 | B18: 29 | C18: 0.493 | D18: 17.4 | E18: DeepSeek | F18: H800 | G18: Large
A19: Custom | B19: 2 | C19: 0.005 | D19: 0.7 | E19: Custom | F19: Unknown | G19: Unknown

Sheet Weekly Monitor
A1: WEEKLY MONITORING DASHBOARD
A3: Week of: | B3: 2025-10-28 | D3: Department: | E3: IT Services
A5: Weekly Metrics | H5: Performance Indicators
A6: Day | B6: Queries | C6: Energy (kWh) | D6: Water (L) | E6: Carbon (kg) | F6: Cost ($)
A7: Monday | B7: 1500 | C7: =B7*1.214/1000 -> 1.821 | D7: =B7*0.004 -> 6 | E7: =B7*0.428/1000 -> 0.642 | F7: =C7*0.12 -> 0.21852 | H7: Weekly Target: | I7: 10000
A8: Tuesday | B8: 1800 | C8: =B8*1.214/1000 -> 2.1852 | D8: =B8*0.004 -> 7.2 | E8: =B8*0.428/1000 -> 0.7704 | F8: =C8*0.12 -> 0.262224 | H8: Actual Usage: | I8: =B14 -> 9000
A9: Wednesday | B9: 2000 | C9: =B9*1.214/1000 -> 2.428 | D9: =B9*0.004 -> 8 | E9: =B9*0.428/1000 -> 0.856 | F9: =C9*0.12 -> 0.29136 | H9: Variance: | I9: =(I8-I7)/I7 -> -0.1
A10: Thursday | B10: 1700 | C10: =B10*1.214/1000 -> 2.0638 | D10: =B10*0.004 -> 6.8 | E10: =B10*0.428/1000 -> 0.7276 | F10: =C10*0.12 -> 0.247656
A11: Friday | B11: 1200 | C11: =B11*1.214/1000 -> 1.4568 | D11: =B11*0.004 -> 4.8 | E11: =B11*0.428/1000 -> 0.5136 | F11: =C11*0.12 -> 0.174816 | H11: Status: | I11: =IF(I9>0.1,"⚠️ Over Budget",IF(I9<-0.1,"✅ Under Target","👍 On Track")) -> 👍 On Track
A12: Saturday | B12: 500 | C12: =B12*1.214/1000 -> 0.607 | D12: =B12*0.004 -> 2 | E12: =B12*0.428/1000 -> 0.214 | F12: =C12*0.12 -> 0.07284
A13: Sunday | B13: 300 | C13: =B13*1.214/1000 -> 0.3642 | D13: =B13*0.004 -> 1.2 | E13: =B13*0.428/1000 -> 0.1284 | F13: =C13*0.12 -> 0.043704
A14: TOTAL | B14: =SUM(B7:B13) -> 9000 | C14: =SUM(C7:C13) -> 10.926 | D14: =SUM(D7:D13) -> 36 | E14: =SUM(E7:E13) -> 3.852 | F14: =SUM(F7:F13) -> 1.31112
A16: Weekly Alerts & Actions
A18: Alert Level: | B18: =IF(E14>5,"HIGH",IF(E14>3,"MEDIUM","LOW")) -> MEDIUM
A19: Recommended Actions: | B19: =IF(B18="HIGH","1. Review high-usage days 2. Implement query limits 3. Switch to efficient models","Continue monitoring") -> Continue monitoring

Sheet Mitigation Strategies
A1: MITIGATION STRATEGIES
A2: Level | B2: Strategy | C2: Impact Reduction | D2: Effort | E2: Cost | F2: Timeline | G2: Priority
A3: Organization | B3: Switch to efficient models | C3: 40-60% | D3: Medium | E3: Low | F3: 1 month | G3: High
A4: Organization | B4: Choose renewable cloud regions | C4: 30-50% | D4: Low | E4: None | F4: Immediate | G4: High
A5: Organization | B5: Implement query limits | C5: 20-30% | D5: Low | E5: None | F5: 1 week | G5: Medium
A6: Organization | B6: Schedule batch processing | C6: 15-25% | D6: Medium | E6: None | F6: 2 weeks | G6: Medium
A7: Team | B7: Batch similar requests | C7: 15-25% | D7: Low | E7: None | F7: Immediate | G7: High
A8: Team | B8: Use caching for common queries | C8: 10-20% | D8: Medium | E8: Low | F8: 2 weeks | G8: Medium
A9: Team | B9: Optimize prompts | C9: 10-15% | D9: Low | E9: None | F9: 1 week | G9: High
A10: Team | B10: Implement review workflow | C10: 5-10% | D10: Medium | E10: Low | F10: 2 weeks | G10: Low
A11: Individual | B11: Personal carbon budget | C11: 5-10% | D11: Low | E11: None | F11: Immediate | G11: Medium
A12: Individual | B12: Query during off-peak hours | C12: 5-10% | D12: Low | E12: None | F12: Immediate | G12: Low
A13: Individual | B13: Use simpler models for routine | C13: 20-30% | D13: Low | E13: None | F13: Immediate | G13: High
A14: Individual | B14: Prompt engineering training | C14: 10-20% | D14: Medium | E14: Medium | F14: 1 month | G14: Medium

Sheet Documentation
A1: GAIA FRAMEWORK DOCUMENTATION
A3: Quick Reference Guide
A5: How to Use This Tool: | D5: Formulas & Calculations:
A6: 1. Go to 'AI Impact Assessment' sheet | D6: Environmental Score = (Energy/10 + Water*50 + Carbon*2)
A7: 2. Select your AI model from dropdown or enter custom model | D7: Benefit Score = Efficiency*0.4 + Quality*0.3 + Strategic*0.3
A8: 3. Define task parameters (type, complexity, volume) | D8: Query Impact = Base Impact × Complexity Factor × Length Factor
A9: 4. Enter benefit estimates (time saved, quality improvement)
A10: 5. Review results in Dashboard and Decision Matrix | D10: Decision Rules:
A11: 6. Check Weekly Monitor for ongoing tracking | D11: If Environmental < 20 AND Benefit > 80 → A+
A12: 7. Implement strategies from Mitigation sheet | D12: If Environmental < 35 AND Benefit > 70 → A
D13: If Environmental < 50 AND Benefit > 50 → B or C
A14: Key Metrics Explained: | D14: If Environmental > 70 → F (Prohibited)
A15: • Wh (Watt-hour): Energy unit, 1 Wh ≈ LED bulb for 6 minutes
A16: • L (Liter): Water consumption, 1 L ≈ 4 cups of water | D16: Support & Resources:
A17: • gCO2e: Carbon emissions, 1 kg CO2 ≈ driving 4 km | D17: Framework Version: 1.0
A18: • PUE: Power Usage Effectiveness (data center efficiency) | D18: Last Updated: October 2025
A19: • WUE: Water Usage Effectiveness (cooling efficiency) | D19: Support Email: gaia-support@gov.example
A20: • CIF: Carbon Intensity Factor (grid emissions) | D20: Documentation: /sustainability/gaia
D21: Training: learn.gov/gaia
A22: Efficiency Grades:
A23: • A+: Excellent - Strongly recommended
A24: • A: Very Good - Recommended
A25: • B: Good - Recommended with monitoring
A26: • C: Fair - Conditional approval required
A27: • D: Poor - Mitigation required
A28: • E: Very Poor - Not recommended
A29: • F: Unacceptable - Prohibited
